<?xml version="1.0" standalone="yes"?>
<models>
	<model name="TASKalfa 351ci">
		<Category>KC</Category>
		<PDL>
			<type>XPS</type>
			<type>PCL  XL 3.0</type>
			<type>PCL 5C</type>
			<type>KPDL 3.0</type>
		</PDL>
		<A3_or_A4_Machine>A4</A3_or_A4_Machine>
		<Paper_Size_PCL-XL>
			<Item name="Letter">
				<StringID>380</StringID>
				<Description>1380</Description>
				<ValueID>1</ValueID>
				<BitmapID>136</BitmapID>
				<PageSize>215.9, 279.4</PageSize>
				<PageOffsetPort>
					<KPDL3.0>4.2, 2.8</KPDL3.0>
					<PCLXL3.0>4.2, 4.2</PCLXL3.0>
					<PCL5C>6.4, 4.2</PCL5C>
					<PRESCRIBE>6.4, 4.2</PRESCRIBE>
					<TIFF>6.4, 4.2</TIFF>
					<PDF>4.2, 2.8</PDF>
					<XPS>4.2, 4.2</XPS>
					<PCL5E>6.4, 4.2</PCL5E>
					<CANON>5.1, 5.1</CANON>
				</PageOffsetPort>
				<PageOffsetLand>
					<KPDL3.0>2.8, 4.2</KPDL3.0>
					<PCLXL3.0>4.2, 4.2</PCLXL3.0>
					<PCL5C>5.1, 4.2</PCL5C>
					<PRESCRIBE>5.1, 4.2</PRESCRIBE>
					<TIFF>5.1, 4.2</TIFF>
					<PDF>2.8, 4.2</PDF>
					<XPS>4.2, 4.2</XPS>
					<PCL5E>5.1, 4.2</PCL5E>
					<CANON>5.1, 5.1</CANON>
				</PageOffsetLand>
				<PrintablePort>
					<KPDL3.0>4900, 6466</KPDL3.0>
					<PCLXL3.0>4900, 6400</PCLXL3.0>
					<PCL5C>4800, 6400</PCL5C>
					<PRESCRIBE>4800, 6400</PRESCRIBE>
					<TIFF>4800, 6400</TIFF>
					<PDF>4900, 6466</PDF>
					<XPS>4900, 6400</XPS>
					<PCL5E>4800, 6400</PCL5E>
					<CANON>4860, 6360</CANON>
				</PrintablePort>
				<PrintableLand>
					<KPDL3.0>6466, 4900</KPDL3.0>
					<PCLXL3.0>6400, 4900</PCLXL3.0>
					<PCL5C>6360, 4900</PCL5C>
					<PRESCRIBE>6360, 4900</PRESCRIBE>
					<TIFF>6360, 4900</TIFF>
					<PDF>6466, 4900</PDF>
					<XPS>6400, 4900</XPS>
					<PCL5E>6360, 4900</PCL5E>
					<CANON>6360, 4860</CANON>
				</PrintableLand>
				<Attribute>0</Attribute>
				<Duplex>1</Duplex>
				<Staple>0</Staple>
				<Punch>0</Punch>
				<Fold>0</Fold>
			</Item>
			<Item name="Legal">
				<StringID>381</StringID>
				<Description>1381</Description>
				<ValueID>5</ValueID>
				<BitmapID>146</BitmapID>
				<PageSize>215.9, 355.6</PageSize>
				<PageOffsetPort>
					<KPDL3.0>4.2, 2.8</KPDL3.0>
					<PCLXL3.0>4.2, 4.2</PCLXL3.0>
					<PCL5C>6.4, 4.2</PCL5C>
					<PRESCRIBE>6.4, 4.2</PRESCRIBE>
					<TIFF>6.4, 4.2</TIFF>
					<PDF>4.2, 2.8</PDF>
					<XPS>4.2, 4.2</XPS>
					<PCL5E>6.4, 4.2</PCL5E>
					<CANON>5.1, 5.1</CANON>
				</PageOffsetPort>
				<PageOffsetLand>
					<KPDL3.0>2.8, 4.2</KPDL3.0>
					<PCLXL3.0>4.2, 4.2</PCLXL3.0>
					<PCL5C>5.1, 4.2</PCL5C>
					<PRESCRIBE>5.1, 4.2</PRESCRIBE>
					<TIFF>5.1, 4.2</TIFF>
					<PDF>2.8, 4.2</PDF>
					<XPS>4.2, 4.2</XPS>
					<PCL5E>5.1, 4.2</PCL5E>
					<CANON>5.1, 5.1</CANON>
				</PageOffsetLand>
				<PrintablePort>
					<KPDL3.0>4900, 8266</KPDL3.0>
					<PCLXL3.0>4900, 8200</PCLXL3.0>
					<PCL5C>4800, 8200</PCL5C>
					<PRESCRIBE>4800, 8200</PRESCRIBE>
					<TIFF>4800, 8200</TIFF>
					<PDF>4900, 8266</PDF>
					<XPS>4900, 8200</XPS>
					<PCL5E>4800, 8200</PCL5E>
					<CANON>4860, 8160</CANON>
				</PrintablePort>
				<PrintableLand>
					<KPDL3.0>8266, 4900</KPDL3.0>
					<PCLXL3.0>8200, 4900</PCLXL3.0>
					<PCL5C>8160, 4900</PCL5C>
					<PRESCRIBE>8160, 4900</PRESCRIBE>
					<TIFF>8160, 4900</TIFF>
					<PDF>8266, 4900</PDF>
					<XPS>8200, 4900</XPS>
					<PCL5E>8160, 4900</PCL5E>
					<CANON>8160, 4860</CANON>
				</PrintableLand>
				<Attribute>0</Attribute>
				<Duplex>1</Duplex>
				<Staple>0</Staple>
				<Punch>0</Punch>
				<Fold>0</Fold>
			</Item>
			<Item name="Statement">
				<StringID>489</StringID>
				<Description>1489</Description>
				<ValueID>6</ValueID>
				<BitmapID>136</BitmapID>
				<PageSize>139.7, 215.9</PageSize>
				<PageOffsetPort>
					<KPDL3.0>4.2, 4.2</KPDL3.0>
					<PCLXL3.0>4.2, 4.2</PCLXL3.0>
					<PCL5C> 5.0, 5.0</PCL5C>
					<PRESCRIBE>5.0, 5.0</PRESCRIBE>
					<TIFF>5.0, 5.0</TIFF>
					<PDF>4.2, 4.2</PDF>
					<XPS>4.2, 4.2</XPS>
					<PCL5E>5.0, 5.0</PCL5E>
					<CANON>4.2, 4.2</CANON>
				</PageOffsetPort>
				<PageOffsetLand>
					<KPDL3.0>4.2, 4.2</KPDL3.0>
					<PCLXL3.0>4.2, 4.2</PCLXL3.0>
					<PCL5C> 5.0, 5.0</PCL5C>
					<PRESCRIBE>5.0, 5.0</PRESCRIBE>
					<TIFF>5.0, 5.0</TIFF>
					<PDF>4.2, 4.2</PDF>
					<XPS>4.2, 4.2</XPS>
					<PCL5E>5.0, 5.0</PCL5E>
					<CANON>4.2, 4.2</CANON>
				</PageOffsetLand>
				<PrintablePort>
					<KPDL3.0>3100, 4900</KPDL3.0>
					<PCLXL3.0>3100, 4900</PCLXL3.0>
					<PCL5C>3066, 4866</PCL5C>
					<PRESCRIBE>3066, 4866</PRESCRIBE>
					<TIFF>3066, 4866</TIFF>
					<PDF>3100, 4900</PDF>
					<XPS>3100, 4900</XPS>
					<PCL5E>3066, 4866</PCL5E>
					<CANON>3100, 4900</CANON>
				</PrintablePort>
				<PrintableLand>
					<KPDL3.0>4900, 3100</KPDL3.0>
					<PCLXL3.0>4900, 3100</PCLXL3.0>
					<PCL5C>4866, 3066</PCL5C>
					<PRESCRIBE>4866, 3066</PRESCRIBE>
					<TIFF>4866, 3066</TIFF>
					<PDF>4900, 3100</PDF>
					<XPS>4900, 3100</XPS>
					<PCL5E>4866, 3066</PCL5E>
					<CANON>4900, 3100</CANON>
				</PrintableLand>
				<Attribute>0</Attribute>
				<Duplex>1</Duplex>
				<Staple>0</Staple>
				<Punch>0</Punch>
				<Fold>0</Fold>
			</Item>
			<Item name="Executive">
				<StringID>383</StringID>
				<Description>1383</Description>
				<ValueID>7</ValueID>
				<BitmapID>144</BitmapID>
				<PageSize>184.2, 266.7</PageSize>
				<PageOffsetPort>
					<KPDL3.0>4.2, 2.8</KPDL3.0>
					<PCLXL3.0>4.2, 4.2</PCLXL3.0>
					<PCL5C>6.4, 4.2</PCL5C>
					<PRESCRIBE>6.4, 4.2</PRESCRIBE>
					<TIFF>6.4, 4.2</TIFF>
					<PDF>4.2, 2.8</PDF>
					<XPS>4.2, 4.2</XPS>
					<PCL5E>6.4, 4.2</PCL5E>
					<CANON>4.2, 4.2</CANON>
				</PageOffsetPort>
				<PageOffsetLand>
					<KPDL3.0>2.8, 4.2</KPDL3.0>
					<PCLXL3.0>4.2, 4.2</PCLXL3.0>
					<PCL5C>5.0, 4.2</PCL5C>
					<PRESCRIBE>5.0, 4.2</PRESCRIBE>
					<TIFF>5.0, 4.2</TIFF>
					<PDF>2.8, 4.2</PDF>
					<XPS>4.2, 4.2</XPS>
					<PCL5E>5.0, 4.2</PCL5E>
					<CANON>4.2, 4.2</CANON>
				</PageOffsetLand>
				<PrintablePort>
					<KPDL3.0>4150, 6166</KPDL3.0>
					<PCLXL3.0>4150, 6100</PCLXL3.0>
					<PCL5C>4050, 6100</PCL5C>
					<PRESCRIBE>4050, 6100</PRESCRIBE>
					<TIFF>4050, 6100</TIFF>
					<PDF>4150, 6166</PDF>
					<XPS>4150, 6100</XPS>
					<PCL5E>4050, 6100</PCL5E>
					<CANON>4150, 6100</CANON>
				</PrintablePort>
				<PrintableLand>
					<KPDL3.0>6166, 4150</KPDL3.0>
					<PCLXL3.0>6100, 4150</PCLXL3.0>
					<PCL5C>6060, 4150</PCL5C>
					<PRESCRIBE>6060, 4150</PRESCRIBE>
					<TIFF>6060, 4150</TIFF>
					<PDF>6166, 4150</PDF>
					<XPS>6100, 4150</XPS>
					<PCL5E>6060, 4150</PCL5E>
					<CANON>6100, 4150</CANON>
				</PrintableLand>
				<Attribute>0</Attribute>
				<Duplex>1</Duplex>
				<Staple>0</Staple>
				<Punch>0</Punch>
				<Fold>0</Fold>
			</Item>
			<Item name="A3">
				<StringID>384</StringID>
				<Description>1384</Description>
				<ValueID>8</ValueID>
				<BitmapID>138</BitmapID>
				<PageSize>297.0, 420.0</PageSize>
				<PageOffsetPort>
					<KPDL3.0>4.2, 3.5</KPDL3.0>
					<PCLXL3.0>4.2, 4.2</PCLXL3.0>
					<PCL5C>6.1, 4.2</PCL5C>
					<PRESCRIBE>6.1, 4.2</PRESCRIBE>
					<TIFF>6.1, 4.2</TIFF>
					<PDF>4.2, 3.5</PDF>
					<XPS>4.2, 4.2</XPS>
					<PCL5E>6.1, 4.2</PCL5E>
					<CANON>5.1, 5.1</CANON>
				</PageOffsetPort>
				<PageOffsetLand>
					<KPDL3.0>3.5, 4.2</KPDL3.0>
					<PCLXL3.0>4.2, 4.2</PCLXL3.0>
					<PCL5C>5.0, 4.2</PCL5C>
					<PRESCRIBE>5.0, 4.2</PRESCRIBE>
					<TIFF>5.0, 4.2</TIFF>
					<PDF>3.5, 4.2</PDF>
					<XPS>4.2, 4.2</XPS>
					<PCL5E>5.0, 4.2</PCL5E>
					<CANON>5.1, 5.1</CANON>
				</PageOffsetLand>
				<PrintablePort>
					<KPDL3.0>6814, 9758</KPDL3.0>
					<PCLXL3.0>6814, 9720</PCLXL3.0>
					<PCL5C>6730, 9720</PCL5C>
					<PRESCRIBE>6730, 9720</PRESCRIBE>
					<TIFF>6730, 9720</TIFF>
					<PDF>6814, 9758</PDF>
					<XPS>6814, 9720</XPS>
					<PCL5E>6730, 9720</PCL5E>
					<CANON>6774, 9680</CANON>
				</PrintablePort>
				<PrintableLand>
					<KPDL3.0>9758, 6814</KPDL3.0>
					<PCLXL3.0>9720, 6814</PCLXL3.0>
					<PCL5C>9684, 6814</PCL5C>
					<PRESCRIBE>9684, 6814</PRESCRIBE>
					<TIFF>9684, 6814</TIFF>
					<PDF>9758, 6814</PDF>
					<XPS>9720, 6814</XPS>
					<PCL5E>9684, 6814</PCL5E>
					<CANON>9680, 6774</CANON>
				</PrintableLand>
				<Attribute>0</Attribute>
				<Duplex>1</Duplex>
				<Staple>0</Staple>
				<Punch>0</Punch>
				<Fold>0</Fold>
			</Item>
			<Item name="A4">
				<StringID>385</StringID>
				<Description>1385</Description>
				<ValueID>9</ValueID>
				<BitmapID>137</BitmapID>
				<PageSize>210.0, 297.0</PageSize>
				<PageOffsetPort>
					<KPDL3.0>4.2, 3.5</KPDL3.0>
					<PCLXL3.0>4.2, 4.2</PCLXL3.0>
					<PCL5C>6.0, 4.2</PCL5C>
					<PRESCRIBE>6.0, 4.2</PRESCRIBE>
					<TIFF>6.0, 4.2</TIFF>
					<PDF>4.2, 3.5</PDF>
					<XPS>4.2, 4.2</XPS>
					<PCL5E>6.0, 4.2</PCL5E>
					<CANON>5.1, 5.1</CANON>
				</PageOffsetPort>
				<PageOffsetLand>
					<KPDL3.0>3.5, 4.2</KPDL3.0>
					<PCLXL3.0>4.2, 4.2</PCLXL3.0>
					<PCL5C>5.0, 4.2</PCL5C>
					<PRESCRIBE>5.0, 4.2</PRESCRIBE>
					<TIFF>5.0, 4.2</TIFF>
					<PDF>3.5, 4.2</PDF>
					<XPS>4.2, 4.2</XPS>
					<PCL5E>5.0, 4.2</PCL5E>
					<CANON>5.1, 5.1</CANON>
				</PageOffsetLand>
				<PrintablePort>
					<KPDL3.0>4760, 6850</KPDL3.0>
					<PCLXL3.0>4760, 6814</PCLXL3.0>
					<PCL5C>4676, 6814</PCL5C>
					<PRESCRIBE>4676, 6814</PRESCRIBE>
					<TIFF>4676, 6814</TIFF>
					<PDF>4760, 6850</PDF>
					<XPS>4760, 6814</XPS>
					<PCL5E>4676, 6814</PCL5E>
					<CANON>4720, 6774</CANON>
				</PrintablePort>
				<PrintableLand>
					<KPDL3.0>6850, 4760</KPDL3.0>
					<PCLXL3.0>6814, 4760</PCLXL3.0>
					<PCL5C>6778, 4760</PCL5C>
					<PRESCRIBE>6778, 4760</PRESCRIBE>
					<TIFF>6778, 4760</TIFF>
					<PDF>6850, 4760</PDF>
					<XPS>6814, 4760</XPS>
					<PCL5E>6778, 4760</PCL5E>
					<CANON>6774, 4720</CANON>
				</PrintableLand>
				<Attribute>0</Attribute>
				<Duplex>1</Duplex>
				<Staple>0</Staple>
				<Punch>0</Punch>
				<Fold>0</Fold>
			</Item>
			<Item name="A5">
				<StringID>386</StringID>
				<Description>1386</Description>
				<ValueID>11</ValueID>
				<BitmapID>139</BitmapID>
				<PageSize>148.0, 210.0</PageSize>
				<PageOffsetPort>
					<KPDL3.0>4.2, 3.5</KPDL3.0>
					<PCLXL3.0>4.2, 4.2</PCLXL3.0>
					<PCL5C>5.0, 5.0</PCL5C>
					<PRESCRIBE>5.0, 5.0</PRESCRIBE>
					<TIFF>5.0, 5.0</TIFF>
					<PDF>4.2, 3.5</PDF>
					<XPS>4.2, 4.2</XPS>
					<PCL5E>5.0, 5.0</PCL5E>
					<CANON>5.1, 5.1</CANON>
				</PageOffsetPort>
				<PageOffsetLand>
					<KPDL3.0>3.5, 4.2</KPDL3.0>
					<PCLXL3.0>4.2, 4.2</PCLXL3.0>
					<PCL5C>5.0, 5.0</PCL5C>
					<PRESCRIBE>5.0, 5.0</PRESCRIBE>
					<TIFF>5.0, 5.0</TIFF>
					<PDF>3.5, 4.2</PDF>
					<XPS>4.2, 4.2</XPS>
					<PCL5E>5.0, 5.0</PCL5E>
					<CANON>5.1, 5.1</CANON>
				</PageOffsetLand>
				<PrintablePort>
					<KPDL3.0>3308, 4791</KPDL3.0>
					<PCLXL3.0>3296, 4760</PCLXL3.0>
					<PCL5C>3260, 4724</PCL5C>
					<PRESCRIBE>3260, 4724</PRESCRIBE>
					<TIFF>3260, 4724</TIFF>
					<PDF>3308, 4791</PDF>
					<XPS>3296, 4760</XPS>
					<PCL5E>3260, 4724</PCL5E>
					<CANON>3266, 4720</CANON>
				</PrintablePort>
				<PrintableLand>
					<KPDL3.0>4791, 3308</KPDL3.0>
					<PCLXL3.0>4760, 3296</PCLXL3.0>
					<PCL5C>4724, 3260</PCL5C>
					<PRESCRIBE>4724, 3260</PRESCRIBE>
					<TIFF>4724, 3260</TIFF>
					<PDF>4791, 3308</PDF>
					<XPS>4760, 3296</XPS>
					<PCL5E>4724, 3260</PCL5E>
					<CANON>4720, 3266</CANON>
				</PrintableLand>
				<Attribute>0</Attribute>
				<Duplex>1</Duplex>
				<Staple>0</Staple>
				<Punch>0</Punch>
				<Fold>0</Fold>
			</Item>
			<Item name="A6">
				<StringID>387</StringID>
				<Description>1387</Description>
				<ValueID>257</ValueID>
				<BitmapID>140</BitmapID>
				<PageSize>105.0, 148.0</PageSize>
				<PageOffsetPort>
					<KPDL3.0>4.2, 3.5</KPDL3.0>
					<PCLXL3.0>4.2, 4.2</PCLXL3.0>
					<PCL5C>5.0, 5.0</PCL5C>
					<PRESCRIBE>5.0, 5.0</PRESCRIBE>
					<TIFF>5.0, 5.0</TIFF>
					<PDF>4.2, 3.5</PDF>
					<XPS>4.2, 4.2</XPS>
					<PCL5E>5.0, 5.0</PCL5E>
					<CANON>4.2, 4.2</CANON>
				</PageOffsetPort>
				<PageOffsetLand>
					<KPDL3.0>3.5, 4.2</KPDL3.0>
					<PCLXL3.0>4.2, 4.2</PCLXL3.0>
					<PCL5C>5.0, 5.0</PCL5C>
					<PRESCRIBE>5.0, 5.0</PRESCRIBE>
					<TIFF>5.0, 5.0</TIFF>
					<PDF>3.5, 4.2</PDF>
					<XPS>4.2, 4.2</XPS>
					<PCL5E>5.0, 5.0</PCL5E>
					<CANON>4.2, 4.2</CANON>
				</PageOffsetLand>
				<PrintablePort>
					<KPDL3.0>2275, 3341</KPDL3.0>
					<PCLXL3.0>2280, 3296</PCLXL3.0>
					<PCL5C>2244, 3260</PCL5C>
					<PRESCRIBE>2244, 3260</PRESCRIBE>
					<TIFF>2244, 3260</TIFF>
					<PDF>2275, 3341</PDF>
					<XPS>2280, 3296</XPS>
					<PCL5E>2244, 3260</PCL5E>
					<CANON>2260, 3280</CANON>
				</PrintablePort>
				<PrintableLand>
					<KPDL3.0>3341, 2275</KPDL3.0>
					<PCLXL3.0>3296, 2280</PCLXL3.0>
					<PCL5C>3260, 2244</PCL5C>
					<PRESCRIBE>3260, 2244</PRESCRIBE>
					<TIFF>3260, 2244</TIFF>
					<PDF>3341, 2275</PDF>
					<XPS>3296, 2280</XPS>
					<PCL5E>3260, 2244</PCL5E>
					<CANON>3280, 2260</CANON>
				</PrintableLand>
				<Attribute>0</Attribute>
				<Duplex>0</Duplex>
				<Staple>0</Staple>
				<Punch>0</Punch>
				<Fold>0</Fold>
			</Item>
			<Item name="Folio">
				<StringID>490</StringID>
				<Description>1490</Description>
				<ValueID>14</ValueID>
				<BitmapID>136</BitmapID>
				<PageSize>210.0, 330.0</PageSize>
				<PageOffsetPort>
					<KPDL3.0>4.2, 4.2</KPDL3.0>
					<PCLXL3.0>4.2, 4.2</PCLXL3.0>
					<PCL5C>5.0, 5.0</PCL5C>
					<PRESCRIBE>5.0, 5.0</PRESCRIBE>
					<TIFF>5.0, 5.0</TIFF>
					<PDF>4.2, 4.2</PDF>
					<XPS>4.2, 4.2</XPS>
					<PCL5E>5.0, 5.0</PCL5E>
					<CANON>4.2, 4.2</CANON>
				</PageOffsetPort>
				<PageOffsetLand>
					<KPDL3.0>4.2, 4.2</KPDL3.0>
					<PCLXL3.0>4.2, 4.2</PCLXL3.0>
					<PCL5C>5.0, 5.0</PCL5C>
					<PRESCRIBE>5.0, 5.0</PRESCRIBE>
					<TIFF>5.0, 5.0</TIFF>
					<PDF>4.2, 4.2</PDF>
					<XPS>4.2, 4.2</XPS>
					<PCL5E>5.0, 5.0</PCL5E>
					<CANON>4.2, 4.2</CANON>
				</PageOffsetLand>
				<PrintablePort>
					<KPDL3.0>4760, 7591</KPDL3.0>
					<PCLXL3.0>4760, 7594</PCLXL3.0>
					<PCL5C>4726, 7560</PCL5C>
					<PRESCRIBE>4726, 7560</PRESCRIBE>
					<TIFF>4726, 7560</TIFF>
					<PDF>4760, 7591</PDF>
					<XPS>4760, 7594</XPS>
					<PCL5E>4726, 7560</PCL5E>
					<CANON>4760, 7594</CANON>
				</PrintablePort>
				<PrintableLand>
					<KPDL3.0>7591 ,4760</KPDL3.0>
					<PCLXL3.0>7594, 4760</PCLXL3.0>
					<PCL5C>7560, 4726</PCL5C>
					<PRESCRIBE>7560, 4726</PRESCRIBE>
					<TIFF>7560, 4726</TIFF>
					<PDF>7591 ,4760</PDF>
					<XPS>7594, 4760</XPS>
					<PCL5E>7560, 4726</PCL5E>
					<CANON>7560, 4760</CANON>
				</PrintableLand>
				<Attribute>0</Attribute>
				<Duplex>1</Duplex>
				<Staple>0</Staple>
				<Punch>0</Punch>
				<Fold>0</Fold>
			</Item>
			<Item name="B4">
				<StringID>388</StringID>
				<Description>1388</Description>
				<ValueID>12</ValueID>
				<BitmapID>141</BitmapID>
				<PageSize>257.0, 364.0</PageSize>
				<PageOffsetPort>
					<KPDL3.0>4.2, 3.5</KPDL3.0>
					<PCLXL3.0>4.2, 4.2</PCLXL3.0>
					<PCL5C>6.1, 4.2</PCL5C>
					<PRESCRIBE>6.1, 4.2</PRESCRIBE>
					<TIFF>6.1, 4.2</TIFF>
					<PDF>4.2, 3.5</PDF>
					<XPS>4.2, 4.2</XPS>
					<PCL5E>6.1, 4.2</PCL5E>
					<CANON>5.1, 5.1</CANON>
				</PageOffsetPort>
				<PageOffsetLand>
					<KPDL3.0>3.5, 4.2</KPDL3.0>
					<PCLXL3.0>4.2, 4.2</PCLXL3.0>
					<PCL5C>5.0, 4.2</PCL5C>
					<PRESCRIBE>5.0, 4.2</PRESCRIBE>
					<TIFF>5.0, 4.2</TIFF>
					<PDF>3.5, 4.2</PDF>
					<XPS>4.2, 4.2</XPS>
					<PCL5E>5.0, 4.2</PCL5E>
					<CANON>5.1, 5.1</CANON>
				</PageOffsetLand>
				<PrintablePort>
					<KPDL3.0>5870, 8433</KPDL3.0>
					<PCLXL3.0>5870, 8398</PCLXL3.0>
					<PCL5C>5786, 8398</PCL5C>
					<PRESCRIBE>5786, 8398</PRESCRIBE>
					<TIFF>5786, 8398</TIFF>
					<PDF>5870, 8433</PDF>
					<XPS>5870, 8398</XPS>
					<PCL5E>5786, 8398</PCL5E>
					<CANON>5830, 8358</CANON>
				</PrintablePort>
				<PrintableLand>
					<KPDL3.0>8433, 5870</KPDL3.0>
					<PCLXL3.0>8398, 5870</PCLXL3.0>
					<PCL5C>8362, 5872</PCL5C>
					<PRESCRIBE>8362, 5872</PRESCRIBE>
					<TIFF>8362, 5872</TIFF>
					<PDF>8433, 5870</PDF>
					<XPS>8398, 5870</XPS>
					<PCL5E>8362, 5872</PCL5E>
					<CANON>8358, 5830</CANON>
				</PrintableLand>
				<Attribute>0</Attribute>
				<Duplex>1</Duplex>
				<Staple>0</Staple>
				<Punch>0</Punch>
				<Fold>0</Fold>
			</Item>
			<Item name="JIS B5">
				<StringID>389</StringID>
				<Description>1389</Description>
				<ValueID>13</ValueID>
				<BitmapID>142</BitmapID>
				<PageSize>182.0, 257.0</PageSize>
				<PageOffsetPort>
					<KPDL3.0>7.4, 4.2</KPDL3.0>
					<PCLXL3.0>4.2, 4.2</PCLXL3.0>
					<PCL5C>6.1, 4.2</PCL5C>
					<PRESCRIBE>6.1, 4.2</PRESCRIBE>
					<TIFF>6.1, 4.2</TIFF>
					<PDF>7.4, 4.2</PDF>
					<XPS>4.2, 4.2</XPS>
					<PCL5E>6.1, 4.2</PCL5E>
					<CANON>5.1, 5.1</CANON>
				</PageOffsetPort>
				<PageOffsetLand>
					<KPDL3.0>4.2, 7.4</KPDL3.0>
					<PCLXL3.0>4.2, 4.2</PCLXL3.0>
					<PCL5C>5.0, 4.2</PCL5C>
					<PRESCRIBE>5.0, 4.2</PRESCRIBE>
					<TIFF>5.0, 4.2</TIFF>
					<PDF>4.2, 7.4</PDF>
					<XPS>4.2, 4.2</XPS>
					<PCL5E>5.0, 4.2</PCL5E>
					<CANON>5.1, 5.1</CANON>
				</PageOffsetLand>
				<PrintablePort>
					<KPDL3.0>3950, 5870</KPDL3.0>
					<PCLXL3.0>4098, 5870</PCLXL3.0>
					<PCL5C>4014, 5872</PCL5C>
					<PRESCRIBE>4014, 5872</PRESCRIBE>
					<TIFF>4014, 5872</TIFF>
					<PDF>3950, 5870</PDF>
					<XPS>4098, 5870</XPS>
					<PCL5E>4014, 5872</PCL5E>
					<CANON>4058, 5830</CANON>
				</PrintablePort>
				<PrintableLand>
					<KPDL3.0>5870, 3950</KPDL3.0>
					<PCLXL3.0>5870, 4098</PCLXL3.0>
					<PCL5C>5834, 4102</PCL5C>
					<PRESCRIBE>5834, 4102</PRESCRIBE>
					<TIFF>5834, 4102</TIFF>
					<PDF>5870, 3950</PDF>
					<XPS>5870, 4098</XPS>
					<PCL5E>5834, 4102</PCL5E>
					<CANON>5830, 4058</CANON>
				</PrintableLand>
				<Attribute>0</Attribute>
				<Duplex>1</Duplex>
				<Staple>0</Staple>
				<Punch>0</Punch>
				<Fold>0</Fold>
			</Item>
			<Item name="B6">
				<StringID>390</StringID>
				<Description>1390</Description>
				<ValueID>258</ValueID>
				<BitmapID>145</BitmapID>
				<PageSize>128.0, 182.0</PageSize>
				<PageOffsetPort>
					<KPDL3.0>4.2, 3.5</KPDL3.0>
					<PCLXL3.0>4.2, 4.2</PCLXL3.0>
					<PCL5C>5.0, 5.0</PCL5C>
					<PRESCRIBE>5.0, 5.0</PRESCRIBE>
					<TIFF>5.0, 5.0</TIFF>
					<PDF>4.2, 3.5</PDF>
					<XPS>4.2, 4.2</XPS>
					<PCL5E>5.0, 5.0</PCL5E>
					<CANON>4.2, 4.2</CANON>
				</PageOffsetPort>
				<PageOffsetLand>
					<KPDL3.0>3.5, 4.2</KPDL3.0>
					<PCLXL3.0>4.2, 4.2</PCLXL3.0>
					<PCL5C>5.0, 5.0</PCL5C>
					<PRESCRIBE>5.0, 5.0</PRESCRIBE>
					<TIFF>5.0, 5.0</TIFF>
					<PDF>3.5, 4.2</PDF>
					<XPS>4.2, 4.2</XPS>
					<PCL5E>5.0, 5.0</PCL5E>
					<CANON>4.2, 4.2</CANON>
				</PageOffsetLand>
				<PrintablePort>
					<KPDL3.0>2833, 4133</KPDL3.0>
					<PCLXL3.0>2824, 4102</PCLXL3.0>
					<PCL5C>2787, 4063</PCL5C>
					<PRESCRIBE>2787, 4063</PRESCRIBE>
					<TIFF>2787, 4063</TIFF>
					<PDF>2833, 4133</PDF>
					<XPS>2824, 4102</XPS>
					<PCL5E>2787, 4063</PCL5E>
					<CANON>2824, 4102</CANON>
				</PrintablePort>
				<PrintableLand>
					<KPDL3.0>4133, 2833</KPDL3.0>
					<PCLXL3.0>4102, 2824</PCLXL3.0>
					<PCL5C>4063, 2787</PCL5C>
					<PRESCRIBE>4063, 2787</PRESCRIBE>
					<TIFF>4063, 2787</TIFF>
					<PDF>4133, 2833</PDF>
					<XPS>4102, 2824</XPS>
					<PCL5E>4063, 2787</PCL5E>
					<CANON>4102, 2824</CANON>
				</PrintableLand>
				<Attribute>0</Attribute>
				<Duplex>0</Duplex>
				<Staple>0</Staple>
				<Punch>0</Punch>
				<Fold>0</Fold>
			</Item>
			<Item name="ISO B5">
				<StringID>391</StringID>
				<Description>1391</Description>
				<ValueID>259</ValueID>
				<BitmapID>143</BitmapID>
				<PageSize>176.0, 250.0</PageSize>
				<PageOffsetPort>
					<KPDL3.0>4.2, 4.2</KPDL3.0>
					<PCLXL3.0>4.2, 4.2</PCLXL3.0>
					<PCL5C>6.0, 4.2</PCL5C>
					<PRESCRIBE>6.0, 4.2</PRESCRIBE>
					<TIFF>6.0, 4.2</TIFF>
					<PDF>4.2, 4.2</PDF>
					<XPS>4.2, 4.2</XPS>
					<PCL5E>6.0, 4.2</PCL5E>
					<CANON>4.2, 4.2</CANON>
				</PageOffsetPort>
				<PageOffsetLand>
					<KPDL3.0>4.2, 4.2</KPDL3.0>
					<PCLXL3.0>4.2, 4.2</PCLXL3.0>
					<PCL5C>5.0, 4.2</PCL5C>
					<PRESCRIBE>5.0, 4.2</PRESCRIBE>
					<TIFF>5.0, 4.2</TIFF>
					<PDF>4.2, 4.2</PDF>
					<XPS>4.2, 4.2</XPS>
					<PCL5E>5.0, 4.2</PCL5E>
					<CANON>4.2, 4.2</CANON>
				</PageOffsetLand>
				<PrintablePort>
					<KPDL3.0>3956, 5700</KPDL3.0>
					<PCLXL3.0>3956, 5704</PCLXL3.0>
					<PCL5C>3872, 5704</PCL5C>
					<PRESCRIBE>3872, 5704</PRESCRIBE>
					<TIFF>3872, 5704</TIFF>
					<PDF>3956, 5700</PDF>
					<XPS>3956, 5704</XPS>
					<PCL5E>3872, 5704</PCL5E>
					<CANON>3956, 5704</CANON>
				</PrintablePort>
				<PrintableLand>
					<KPDL3.0>5700, 3956</KPDL3.0>
					<PCLXL3.0>5704, 3956</PCLXL3.0>
					<PCL5C>5668, 3956</PCL5C>
					<PRESCRIBE>5668, 3956</PRESCRIBE>
					<TIFF>5668, 3956</TIFF>
					<PDF>5700, 3956</PDF>
					<XPS>5704, 3956</XPS>
					<PCL5E>5668, 3956</PCL5E>
					<CANON>5704, 3956</CANON>
				</PrintableLand>
				<Attribute>0</Attribute>
				<Duplex>1</Duplex>
				<Staple>0</Staple>
				<Punch>0</Punch>
				<Fold>0</Fold>
			</Item>
			<Item name="Env #10">
				<StringID>392</StringID>
				<Description>1392</Description>
				<ValueID>20</ValueID>
				<BitmapID>150</BitmapID>
				<PageSize>104.8, 241.3</PageSize>
				<PageOffsetPort>
					<KPDL3.0>4.2, 2.8</KPDL3.0>
					<PCLXL3.0>4.2, 4.2</PCLXL3.0>
					<PCL5C>6.4, 4.2</PCL5C>
					<PRESCRIBE>6.4, 4.2</PRESCRIBE>
					<TIFF>6.4, 4.2</TIFF>
					<PDF>4.2, 2.8</PDF>
					<XPS>4.2, 4.2</XPS>
					<PCL5E>6.4, 4.2</PCL5E>
					<CANON>4.2, 4.2</CANON>
				</PageOffsetPort>
				<PageOffsetLand>
					<KPDL3.0>2.8, 4.2</KPDL3.0>
					<PCLXL3.0>4.2, 4.2</PCLXL3.0>
					<PCL5C>5.1, 4.2</PCL5C>
					<PRESCRIBE>5.1, 4.2</PRESCRIBE>
					<TIFF>5.1, 4.2</TIFF>
					<PDF>2.8, 4.2</PDF>
					<XPS>4.2, 4.2</XPS>
					<PCL5E>5.1, 4.2</PCL5E>
					<CANON>4.2, 4.2</CANON>
				</PageOffsetLand>
				<PrintablePort>
					<KPDL3.0>2274, 5566</KPDL3.0>
					<PCLXL3.0>2274, 5500</PCLXL3.0>
					<PCL5C>2174, 5500</PCL5C>
					<PRESCRIBE>2174, 5500</PRESCRIBE>
					<TIFF>2174, 5500</TIFF>
					<PDF>2274, 5566</PDF>
					<XPS>2274, 5500</XPS>
					<PCL5E>2174, 5500</PCL5E>
					<CANON>2274, 5566</CANON>
				</PrintablePort>
				<PrintableLand>
					<KPDL3.0>5566, 2274</KPDL3.0>
					<PCLXL3.0>5500, 2274</PCLXL3.0>
					<PCL5C>5460, 2274</PCL5C>
					<PRESCRIBE>5460, 2274</PRESCRIBE>
					<TIFF>5460, 2274</TIFF>
					<PDF>5566, 2274</PDF>
					<XPS>5500, 2274</XPS>
					<PCL5E>5460, 2274</PCL5E>
					<CANON>5500, 2274</CANON>
				</PrintableLand>
				<Attribute>1</Attribute>
				<Duplex>0</Duplex>
				<Staple>0</Staple>
				<Punch>0</Punch>
				<Fold>0</Fold>
			</Item>
			<Item name="Env #9">
				<StringID>393</StringID>
				<Description>1393</Description>
				<ValueID>19</ValueID>
				<BitmapID>152</BitmapID>
				<PageSize>98.4, 225.4</PageSize>
				<PageOffsetPort>
					<KPDL3.0>4.2, 2.8</KPDL3.0>
					<PCLXL3.0>4.2, 4.2</PCLXL3.0>
					<PCL5C>5.0, 5.0</PCL5C>
					<PRESCRIBE>5.0, 5.0</PRESCRIBE>
					<TIFF>5.0, 5.0</TIFF>
					<PDF>4.2, 2.8</PDF>
					<XPS>4.2, 4.2</XPS>
					<PCL5E>5.0, 5.0</PCL5E>
					<CANON>4.2, 4.2</CANON>
				</PageOffsetPort>
				<PageOffsetLand>
					<KPDL3.0>2.8, 4.2</KPDL3.0>
					<PCLXL3.0>4.2, 4.2</PCLXL3.0>
					<PCL5C>5.0, 5.0</PCL5C>
					<PRESCRIBE>5.0, 5.0</PRESCRIBE>
					<TIFF>5.0, 5.0</TIFF>
					<PDF>2.8, 4.2</PDF>
					<XPS>4.2, 4.2</XPS>
					<PCL5E>5.0, 5.0</PCL5E>
					<CANON>4.2, 4.2</CANON>
				</PageOffsetLand>
				<PrintablePort>
					<KPDL3.0>2126, 5191</KPDL3.0>
					<PCLXL3.0>2126, 5126</PCLXL3.0>
					<PCL5C>2092, 5092</PCL5C>
					<PRESCRIBE>2092, 5092</PRESCRIBE>
					<TIFF>2092, 5092</TIFF>
					<PDF>2126, 5191</PDF>
					<XPS>2126, 5126</XPS>
					<PCL5E>2092, 5092</PCL5E>
					<CANON>2126, 5126</CANON>
				</PrintablePort>
				<PrintableLand>
					<KPDL3.0>5191, 2126</KPDL3.0>
					<PCLXL3.0>5126, 2126</PCLXL3.0>
					<PCL5C>5092, 2092</PCL5C>
					<PRESCRIBE>5092, 2092</PRESCRIBE>
					<TIFF>5092, 2092</TIFF>
					<PDF>5191, 2126</PDF>
					<XPS>5126, 2126</XPS>
					<PCL5E>5092, 2092</PCL5E>
					<CANON>5126, 2126</CANON>
				</PrintableLand>
				<Attribute>1</Attribute>
				<Duplex>0</Duplex>
				<Staple>0</Staple>
				<Punch>0</Punch>
				<Fold>0</Fold>
			</Item>
			<Item name="Env Mon">
				<StringID>394</StringID>
				<Description>1394</Description>
				<ValueID>37</ValueID>
				<BitmapID>148</BitmapID>
				<PageSize>98.4, 190.5</PageSize>
				<PageOffsetPort>
					<KPDL3.0>4.2, 2.8</KPDL3.0>
					<PCLXL3.0>4.2, 4.2</PCLXL3.0>
					<PCL5C>6.4, 4.2</PCL5C>
					<PRESCRIBE>6.4, 4.2</PRESCRIBE>
					<TIFF>6.4, 4.2</TIFF>
					<PDF>4.2, 2.8</PDF>
					<XPS>4.2, 4.2</XPS>
					<PCL5E>6.4, 4.2</PCL5E>
					<CANON>4.2, 4.2</CANON>
				</PageOffsetPort>
				<PageOffsetLand>
					<KPDL3.0>2.8, 4.2</KPDL3.0>
					<PCLXL3.0>4.2, 4.2</PCLXL3.0>
					<PCL5C>5.1, 4.2</PCL5C>
					<PRESCRIBE>5.1, 4.2</PRESCRIBE>
					<TIFF>5.1, 4.2</TIFF>
					<PDF>2.8, 4.2</PDF>
					<XPS>4.2, 4.2</XPS>
					<PCL5E>5.1, 4.2</PCL5E>
					<CANON>4.2, 4.2</CANON>
				</PageOffsetLand>
				<PrintablePort>
					<KPDL3.0>2124, 4366</KPDL3.0>
					<PCLXL3.0>2124, 4300</PCLXL3.0>
					<PCL5C>2024, 4300</PCL5C>
					<PRESCRIBE>2024, 4300</PRESCRIBE>
					<TIFF>2024, 4300</TIFF>
					<PDF>2124, 4366</PDF>
					<XPS>2124, 4300</XPS>
					<PCL5E>2024, 4300</PCL5E>
					<CANON>2124, 4300</CANON>
				</PrintablePort>
				<PrintableLand>
					<KPDL3.0>4366, 2124</KPDL3.0>
					<PCLXL3.0>4300, 2124</PCLXL3.0>
					<PCL5C>4260, 2124</PCL5C>
					<PRESCRIBE>4260, 2124</PRESCRIBE>
					<TIFF>4260, 2124</TIFF>
					<PDF>4366, 2124</PDF>
					<XPS>4300, 2124</XPS>
					<PCL5E>4260, 2124</PCL5E>
					<CANON>4300, 2124</CANON>
				</PrintableLand>
				<Attribute>1</Attribute>
				<Duplex>0</Duplex>
				<Staple>0</Staple>
				<Punch>0</Punch>
				<Fold>0</Fold>
			</Item>
			<Item name="Env #6">
				<StringID>395</StringID>
				<Description>1395</Description>
				<ValueID>260</ValueID>
				<BitmapID>151</BitmapID>
				<PageSize>92.1, 165.1</PageSize>
				<PageOffsetPort>
					<KPDL3.0>4.2, 2.8</KPDL3.0>
					<PCLXL3.0>4.2, 4.2</PCLXL3.0>
					<PCL5C>5.0, 5.0</PCL5C>
					<PRESCRIBE>5.0, 5.0</PRESCRIBE>
					<TIFF>5.0, 5.0</TIFF>
					<PDF>4.2, 2.8</PDF>
					<XPS>4.2, 4.2</XPS>
					<PCL5E>5.0, 5.0</PCL5E>
					<CANON>4.2, 4.2</CANON>
				</PageOffsetPort>
				<PageOffsetLand>
					<KPDL3.0>2.8, 4.2</KPDL3.0>
					<PCLXL3.0>4.2, 4.2</PCLXL3.0>
					<PCL5C>5.0, 5.0</PCL5C>
					<PRESCRIBE>5.0, 5.0</PRESCRIBE>
					<TIFF>5.0, 5.0</TIFF>
					<PDF>2.8, 4.2</PDF>
					<XPS>4.2, 4.2</XPS>
					<PCL5E>5.0, 5.0</PCL5E>
					<CANON>4.2, 4.2</CANON>
				</PageOffsetLand>
				<PrintablePort>
					<KPDL3.0>1976, 3766</KPDL3.0>
					<PCLXL3.0>1976, 3700</PCLXL3.0>
					<PCL5C>1942, 3666</PCL5C>
					<PRESCRIBE>1942, 3666</PRESCRIBE>
					<TIFF>1942, 3666</TIFF>
					<PDF>1976, 3766</PDF>
					<XPS>1976, 3700</XPS>
					<PCL5E>1942, 3666</PCL5E>
					<CANON>1976, 3700</CANON>
				</PrintablePort>
				<PrintableLand>
					<KPDL3.0>3766, 1976</KPDL3.0>
					<PCLXL3.0>3700, 1976</PCLXL3.0>
					<PCL5C>3666, 1942</PCL5C>
					<PRESCRIBE>3666, 1942</PRESCRIBE>
					<TIFF>3666, 1942</TIFF>
					<PDF>3766, 1976</PDF>
					<XPS>3700, 1976</XPS>
					<PCL5E>3666, 1942</PCL5E>
					<CANON>3700, 1976</CANON>
				</PrintableLand>
				<Attribute>1</Attribute>
				<Duplex>0</Duplex>
				<Staple>0</Staple>
				<Punch>0</Punch>
				<Fold>0</Fold>
			</Item>
			<Item name="Env C5">
				<StringID>396</StringID>
				<Description>1396</Description>
				<ValueID>28</ValueID>
				<BitmapID>149</BitmapID>
				<PageSize>162.0, 229.0</PageSize>
				<PageOffsetPort>
					<KPDL3.0>4.2, 3.5</KPDL3.0>
					<PCLXL3.0>4.2, 4.2</PCLXL3.0>
					<PCL5C>6.0, 4.2</PCL5C>
					<PRESCRIBE>6.0, 4.2</PRESCRIBE>
					<TIFF>6.0, 4.2</TIFF>
					<PDF>4.2, 3.5</PDF>
					<XPS>4.2, 4.2</XPS>
					<PCL5E>6.0, 4.2</PCL5E>
					<CANON>4.2, 4.2</CANON>
				</PageOffsetPort>
				<PageOffsetLand>
					<KPDL3.0>3.5, 4.2</KPDL3.0>
					<PCLXL3.0>4.2, 4.2</PCLXL3.0>
					<PCL5C>5.0, 4.2</PCL5C>
					<PRESCRIBE>5.0, 4.2</PRESCRIBE>
					<TIFF>5.0, 4.2</TIFF>
					<PDF>3.5, 4.2</PDF>
					<XPS>4.2, 4.2</XPS>
					<PCL5E>5.0, 4.2</PCL5E>
					<CANON>4.2, 4.2</CANON>
				</PageOffsetLand>
				<PrintablePort>
					<KPDL3.0>3626, 5241</KPDL3.0>
					<PCLXL3.0>3626, 5208</PCLXL3.0>
					<PCL5C>3542, 5208</PCL5C>
					<PRESCRIBE>3542, 5208</PRESCRIBE>
					<TIFF>3542, 5208</TIFF>
					<PDF>3626, 5241</PDF>
					<XPS>3626, 5208</XPS>
					<PCL5E>3542, 5208</PCL5E>
					<CANON>3626, 5208</CANON>
				</PrintablePort>
				<PrintableLand>
					<KPDL3.0>5241, 3626</KPDL3.0>
					<PCLXL3.0>5208, 3626</PCLXL3.0>
					<PCL5C>5172, 3626</PCL5C>
					<PRESCRIBE>5172, 3626</PRESCRIBE>
					<TIFF>5172, 3626</TIFF>
					<PDF>5241, 3626</PDF>
					<XPS>5208, 3626</XPS>
					<PCL5E>5172, 3626</PCL5E>
					<CANON>5208, 3626</CANON>
				</PrintableLand>
				<Attribute>1</Attribute>
				<Duplex>0</Duplex>
				<Staple>0</Staple>
				<Punch>0</Punch>
				<Fold>0</Fold>
			</Item>
			<Item name="Env DL">
				<StringID>397</StringID>
				<Description>1397</Description>
				<ValueID>27</ValueID>
				<BitmapID>153</BitmapID>
				<PageSize>110.0, 220.0</PageSize>
				<PageOffsetPort>
					<KPDL3.0>4.2, 3.5</KPDL3.0>
					<PCLXL3.0>4.2, 4.2</PCLXL3.0>
					<PCL5C>6.0, 4.2</PCL5C>
					<PRESCRIBE>6.0, 4.2</PRESCRIBE>
					<TIFF>6.0, 4.2</TIFF>
					<PDF>4.2, 3.5</PDF>
					<XPS>4.2, 4.2</XPS>
					<PCL5E>6.0, 4.2</PCL5E>
					<CANON>4.2, 4.2</CANON>
				</PageOffsetPort>
				<PageOffsetLand>
					<KPDL3.0>3.5, 4.2</KPDL3.0>
					<PCLXL3.0>4.2, 4.2</PCLXL3.0>
					<PCL5C>5.0, 4.2</PCL5C>
					<PRESCRIBE>5.0, 4.2</PRESCRIBE>
					<TIFF>5.0, 4.2</TIFF>
					<PDF>3.5, 4.2</PDF>
					<XPS>4.2, 4.2</XPS>
					<PCL5E>5.0, 4.2</PCL5E>
					<CANON>4.2, 4.2</CANON>
				</PageOffsetLand>
				<PrintablePort>
					<KPDL3.0>2398, 5033</KPDL3.0>
					<PCLXL3.0>2398, 4996</PCLXL3.0>
					<PCL5C>2314, 4996</PCL5C>
					<PRESCRIBE>2314, 4996</PRESCRIBE>
					<TIFF>2314, 4996</TIFF>
					<PDF>2398, 5033</PDF>
					<XPS>2398, 4996</XPS>
					<PCL5E>2314, 4996</PCL5E>
					<CANON>2398, 4996</CANON>
				</PrintablePort>
				<PrintableLand>
					<KPDL3.0>5033, 2398</KPDL3.0>
					<PCLXL3.0>4996, 2398</PCLXL3.0>
					<PCL5C>4960, 2398</PCL5C>
					<PRESCRIBE>4960, 2398</PRESCRIBE>
					<TIFF>4960, 2398</TIFF>
					<PDF>5033, 2398</PDF>
					<XPS>4996, 2398</XPS>
					<PCL5E>4960, 2398</PCL5E>
					<CANON>4996, 2398</CANON>
				</PrintableLand>
				<Attribute>1</Attribute>
				<Duplex>0</Duplex>
				<Staple>0</Staple>
				<Punch>0</Punch>
				<Fold>0</Fold>
			</Item>
			<Item name="Oficio II">
				<StringID>438</StringID>
				<Description>1494</Description>
				<ValueID>281</ValueID>
				<BitmapID>146</BitmapID>
				<PageSize>215.9, 330.2</PageSize>
				<PageOffsetPort>
					<KPDL3.0>4.2, 4.2</KPDL3.0>
					<PCLXL3.0>4.2, 4.2</PCLXL3.0>
					<PCL5C>5.0, 5.0</PCL5C>
					<PRESCRIBE>5.0, 5.0</PRESCRIBE>
					<TIFF>5.0, 5.0</TIFF>
					<PDF>4.2, 4.2</PDF>
					<XPS>4.2, 4.2</XPS>
					<PCL5E>5.0, 5.0</PCL5E>
					<CANON>4.2, 4.2</CANON>
				</PageOffsetPort>
				<PageOffsetLand>
					<KPDL3.0>4.2, 4.2</KPDL3.0>
					<PCLXL3.0>4.2, 4.2</PCLXL3.0>
					<PCL5C>5.0, 5.0</PCL5C>
					<PRESCRIBE>5.0, 5.0</PRESCRIBE>
					<TIFF>5.0, 5.0</TIFF>
					<PDF>4.2, 4.2</PDF>
					<XPS>4.2, 4.2</XPS>
					<PCL5E>5.0, 5.0</PCL5E>
					<CANON>4.2, 4.2</CANON>
				</PageOffsetLand>
				<PrintablePort>
					<KPDL3.0>4900, 7600</KPDL3.0>
					<PCLXL3.0>4900, 7600</PCLXL3.0>
					<PCL5C>4866, 7566</PCL5C>
					<PRESCRIBE>4866, 7566</PRESCRIBE>
					<TIFF>4866, 7566</TIFF>
					<PDF>4900, 7600</PDF>
					<XPS>4900, 7600</XPS>
					<PCL5E>4866, 7566</PCL5E>
					<CANON>4900, 7600</CANON>
				</PrintablePort>
				<PrintableLand>
					<KPDL3.0>7600, 4900</KPDL3.0>
					<PCLXL3.0>7600, 4900</PCLXL3.0>
					<PCL5C>7566, 4866</PCL5C>
					<PRESCRIBE>7566, 4866</PRESCRIBE>
					<TIFF>7566, 4866</TIFF>
					<PDF>7600, 4900</PDF>
					<XPS>7600, 4900</XPS>
					<PCL5E>7566, 4866</PCL5E>
					<CANON>7600, 4900</CANON>
				</PrintableLand>
				<Attribute>0</Attribute>
				<Duplex>1</Duplex>
				<Staple>0</Staple>
				<Punch>0</Punch>
				<Fold>0</Fold>
			</Item>
			<Item name="16K">
				<StringID>379</StringID>
				<Description>1406</Description>
				<ValueID>287</ValueID>
				<BitmapID>153</BitmapID>
				<PageSize>197.0, 273.0</PageSize>
				<PageOffsetPort>
					<KPDL3.0>4.2, 4.2</KPDL3.0>
					<PCLXL3.0>4.2, 4.2</PCLXL3.0>
					<PCL5C>5.0, 5.0</PCL5C>
					<PRESCRIBE>5.0, 5.0</PRESCRIBE>
					<TIFF>5.0, 5.0</TIFF>
					<PDF>4.2, 4.2</PDF>
					<XPS>4.2, 4.2</XPS>
					<PCL5E>5.0, 5.0</PCL5E>
					<CANON>4.2, 4.2</CANON>
				</PageOffsetPort>
				<PageOffsetLand>
					<KPDL3.0>4.2, 4.2</KPDL3.0>
					<PCLXL3.0>4.2, 4.2</PCLXL3.0>
					<PCL5C>5.0, 5.0</PCL5C>
					<PRESCRIBE>5.0, 5.0</PRESCRIBE>
					<TIFF>5.0, 5.0</TIFF>
					<PDF>4.2, 4.2</PDF>
					<XPS>4.2, 4.2</XPS>
					<PCL5E>5.0, 5.0</PCL5E>
					<CANON>4.2, 4.2</CANON>
				</PageOffsetLand>
				<PrintablePort>
					<KPDL3.0>4453, 6248</KPDL3.0>
					<PCLXL3.0>4453, 6248</PCLXL3.0>
					<PCL5C>4417, 6212</PCL5C>
					<PRESCRIBE>4417, 6212</PRESCRIBE>
					<TIFF>4417, 6212</TIFF>
					<PDF>4453, 6248</PDF>
					<XPS>4453, 6248</XPS>
					<PCL5E>4417, 6212</PCL5E>
					<CANON>4453, 6248</CANON>
				</PrintablePort>
				<PrintableLand>
					<KPDL3.0>6248, 4453</KPDL3.0>
					<PCLXL3.0>6248, 4453</PCLXL3.0>
					<PCL5C>6212, 4417</PCL5C>
					<PRESCRIBE>6212, 4417</PRESCRIBE>
					<TIFF>6212, 4417</TIFF>
					<PDF>6248, 4453</PDF>
					<XPS>6248, 4453</XPS>
					<PCL5E>6212, 4417</PCL5E>
					<CANON>6248, 4453</CANON>
				</PrintableLand>
				<Attribute>0</Attribute>
				<Duplex>1</Duplex>
				<Staple>0</Staple>
				<Punch>0</Punch>
				<Fold>0</Fold>
			</Item>
			<Item name="216 × 340 mm">
				<StringID>1498</StringID>
				<Description>1498</Description>
				<ValueID>292</ValueID>
				<BitmapID>146</BitmapID>
				<PageSize>216.0, 340.0</PageSize>
				<PageOffsetPort>
					<KPDL3.0>4.2, 4.2</KPDL3.0>
					<PCLXL3.0>4.2, 4.2</PCLXL3.0>
					<PCL5C>5.0, 5.0</PCL5C>
					<PRESCRIBE>5.0, 5.0</PRESCRIBE>
					<TIFF>5.0, 5.0</TIFF>
					<PDF>4.2, 4.2</PDF>
					<XPS>4.2, 4.2</XPS>
					<PCL5E>5.0, 5.0</PCL5E>
					<CANON>4.2, 4.2</CANON>
				</PageOffsetPort>
				<PageOffsetLand>
					<KPDL3.0>4.2, 4.2</KPDL3.0>
					<PCLXL3.0>4.2, 4.2</PCLXL3.0>
					<PCL5C>5.0, 5.0</PCL5C>
					<PRESCRIBE>5.0, 5.0</PRESCRIBE>
					<TIFF>5.0, 5.0</TIFF>
					<PDF>4.2, 4.2</PDF>
					<XPS>4.2, 4.2</XPS>
					<PCL5E>5.0, 5.0</PCL5E>
					<CANON>4.2, 4.2</CANON>
				</PageOffsetLand>
				<PrintablePort>
					<KPDL3.0>4902, 7832</KPDL3.0>
					<PCLXL3.0>4902, 7832</PCLXL3.0>
					<PCL5C>4866, 7796</PCL5C>
					<PRESCRIBE>4866, 7796</PRESCRIBE>
					<TIFF>4866, 7796</TIFF>
					<PDF>4902, 7832</PDF>
					<XPS>4902, 7832</XPS>
					<PCL5E>4866, 7796</PCL5E>
					<CANON>4902, 7832</CANON>
				</PrintablePort>
				<PrintableLand>
					<KPDL3.0>7832, 4902</KPDL3.0>
					<PCLXL3.0>7832, 4902</PCLXL3.0>
					<PCL5C>7796, 4866</PCL5C>
					<PRESCRIBE>7796, 4866</PRESCRIBE>
					<TIFF>7796, 4866</TIFF>
					<PDF>7832, 4902</PDF>
					<XPS>7832, 4902</XPS>
					<PCL5E>7796, 4866</PCL5E>
					<CANON>7832, 4902</CANON>
				</PrintableLand>
				<Attribute>0</Attribute>
				<Duplex>1</Duplex>
				<Staple>0</Staple>
				<Punch>0</Punch>
				<Fold>0</Fold>
			</Item>
		</Paper_Size_PCL-XL>
		<Oficio_I_paper_size>No</Oficio_I_paper_size>
		<Media_Type>
			<Item name="Unspecified*">
				<StringID>6140</StringID>
				<ValueID>290</ValueID>
				<Duplex>1</Duplex>
				<Staple>0</Staple>
				<Punch>0</Punch>
				<Fold>0</Fold>
			</Item>
			<Item name="Auto">
				<StringID>350</StringID>
				<ValueID>284</ValueID>
				<Duplex>1</Duplex>
				<Staple>0</Staple>
				<Punch>0</Punch>
				<Fold>0</Fold>
			</Item>
			<Item name="Plain Paper">
				<StringID>351</StringID>
				<ValueID>1</ValueID>
				<Duplex>1</Duplex>
				<Staple>0</Staple>
				<Punch>0</Punch>
				<Fold>0</Fold>
			</Item>
			<Item name="Transparency">
				<StringID>352</StringID>
				<ValueID>2</ValueID>
				<Duplex>0</Duplex>
				<Staple>0</Staple>
				<Punch>0</Punch>
				<Fold>0</Fold>
			</Item>
			<Item name="Preprinted">
				<StringID>353</StringID>
				<ValueID>277</ValueID>
				<Duplex>1</Duplex>
				<Staple>0</Staple>
				<Punch>0</Punch>
				<Fold>0</Fold>
			</Item>
			<Item name="Label">
				<StringID>354</StringID>
				<ValueID>276</ValueID>
				<Duplex>0</Duplex>
				<Staple>0</Staple>
				<Punch>0</Punch>
				<Fold>0</Fold>
			</Item>
			<Item name="Bond">
				<StringID>355</StringID>
				<ValueID>257</ValueID>
				<Duplex>1</Duplex>
				<Staple>0</Staple>
				<Punch>0</Punch>
				<Fold>0</Fold>
			</Item>
			<Item name="Recycled">
				<StringID>356</StringID>
				<ValueID>258</ValueID>
				<Duplex>1</Duplex>
				<Staple>0</Staple>
				<Punch>0</Punch>
				<Fold>0</Fold>
			</Item>
			<Item name="Vellum">
				<StringID>357</StringID>
				<ValueID>259</ValueID>
				<Duplex>0</Duplex>
				<Staple>0</Staple>
				<Punch>0</Punch>
				<Fold>0</Fold>
			</Item>
			<Item name="Rough">
				<StringID>376</StringID>
				<ValueID>260</ValueID>
				<Duplex>1</Duplex>
				<Staple>0</Staple>
				<Punch>0</Punch>
				<Fold>0</Fold>
			</Item>
			<Item name="Letterhead">
				<StringID>359</StringID>
				<ValueID>261</ValueID>
				<Duplex>1</Duplex>
				<Staple>0</Staple>
				<Punch>0</Punch>
				<Fold>0</Fold>
			</Item>
			<Item name="Color">
				<StringID>360</StringID>
				<ValueID>262</ValueID>
				<Duplex>1</Duplex>
				<Staple>0</Staple>
				<Punch>0</Punch>
				<Fold>0</Fold>
			</Item>
			<Item name="Prepunched">
				<StringID>361</StringID>
				<ValueID>263</ValueID>
				<Duplex>1</Duplex>
				<Staple>0</Staple>
				<Punch>0</Punch>
				<Fold>0</Fold>
			</Item>
			<Item name="Envelope">
				<StringID>362</StringID>
				<ValueID>264</ValueID>
				<Duplex>0</Duplex>
				<Staple>0</Staple>
				<Punch>0</Punch>
				<Fold>0</Fold>
			</Item>
			<Item name="Cardstock">
				<StringID>377</StringID>
				<ValueID>265</ValueID>
				<Duplex>0</Duplex>
				<Staple>0</Staple>
				<Punch>0</Punch>
				<Fold>0</Fold>
			</Item>
			<Item name="Coated">
				<StringID>373</StringID>
				<ValueID>286</ValueID>
				<Duplex>0</Duplex>
				<Staple>0</Staple>
				<Punch>0</Punch>
				<Fold>0</Fold>
			</Item>
			<Item name="Thick">
				<StringID>375</StringID>
				<ValueID>288</ValueID>
				<Duplex>1</Duplex>
				<Staple>0</Staple>
				<Punch>0</Punch>
				<Fold>0</Fold>
			</Item>
			<Item name="High quality">
				<StringID>564</StringID>
				<ValueID>289</ValueID>
				<Duplex>1</Duplex>
				<Staple>0</Staple>
				<Punch>0</Punch>
				<Fold>0</Fold>
			</Item>
			<Item name="Custom 1">
				<StringID>364</StringID>
				<ValueID>266</ValueID>
				<Duplex>1</Duplex>
				<Staple>0</Staple>
				<Punch>0</Punch>
				<Fold>0</Fold>
			</Item>
			<Item name="Custom 2">
				<StringID>365</StringID>
				<ValueID>267</ValueID>
				<Duplex>1</Duplex>
				<Staple>0</Staple>
				<Punch>0</Punch>
				<Fold>0</Fold>
			</Item>
			<Item name="Custom 3">
				<StringID>366</StringID>
				<ValueID>268</ValueID>
				<Duplex>1</Duplex>
				<Staple>0</Staple>
				<Punch>0</Punch>
				<Fold>0</Fold>
			</Item>
			<Item name="Custom 4">
				<StringID>367</StringID>
				<ValueID>269</ValueID>
				<Duplex>1</Duplex>
				<Staple>0</Staple>
				<Punch>0</Punch>
				<Fold>0</Fold>
			</Item>
			<Item name="Custom 5">
				<StringID>368</StringID>
				<ValueID>270</ValueID>
				<Duplex>1</Duplex>
				<Staple>0</Staple>
				<Punch>0</Punch>
				<Fold>0</Fold>
			</Item>
			<Item name="Custom 6">
				<StringID>369</StringID>
				<ValueID>271</ValueID>
				<Duplex>1</Duplex>
				<Staple>0</Staple>
				<Punch>0</Punch>
				<Fold>0</Fold>
			</Item>
			<Item name="Custom 7">
				<StringID>370</StringID>
				<ValueID>272</ValueID>
				<Duplex>1</Duplex>
				<Staple>0</Staple>
				<Punch>0</Punch>
				<Fold>0</Fold>
			</Item>
			<Item name="Custom 8">
				<StringID>371</StringID>
				<ValueID>273</ValueID>
				<Duplex>1</Duplex>
				<Staple>0</Staple>
				<Punch>0</Punch>
				<Fold>0</Fold>
			</Item>
		</Media_Type>
		<Paper_Source>
			<Item name="Auto">
				<StringID>320</StringID>
				<ValueID>7</ValueID>
				<MediaSize>0x003FFFFF</MediaSize>
				<MediaType>0x03FFFFFF</MediaType>
				<MediaFeed>0</MediaFeed>
				<CustomPaper>1</CustomPaper>
				<CustomEnvelope>1</CustomEnvelope>
				<MaxPageSize>216, 356</MaxPageSize>
				<MinPageSize>70, 148</MinPageSize>
				<EnvSizeSupport>1</EnvSizeSupport>
				<StdSizeSupport>1</StdSizeSupport>
				<Duplex>1</Duplex>
				<Staple>0</Staple>
			</Item>
			<Item name="Casette 1">
				<StringID>321</StringID>
				<ValueID>14</ValueID>
				<MediaSize>0x00381DEF</MediaSize>
				<MediaType>0x03FF1FD7</MediaType>
				<MediaFeed>0</MediaFeed>
				<CustomPaper>1</CustomPaper>
				<CustomEnvelope>0</CustomEnvelope>
				<MaxPageSize>216, 356</MaxPageSize>
				<MinPageSize>105, 148</MinPageSize>
				<EnvSizeSupport>0</EnvSizeSupport>
				<StdSizeSupport>1</StdSizeSupport>
				<Duplex>1</Duplex>
				<Staple>0</Staple>
			</Item>
			<Item name="Casette 2">
				<StringID>322</StringID>
				<ValueID>3</ValueID>
				<MediaSize>0x003FFD6F</MediaSize>
				<MediaType>0x03FFBFF7</MediaType>
				<MediaFeed>0</MediaFeed>
				<CustomPaper>1</CustomPaper>
				<CustomEnvelope>0</CustomEnvelope>
				<MaxPageSize>216, 356</MaxPageSize>
				<MinPageSize>92, 162</MinPageSize>
				<EnvSizeSupport>0</EnvSizeSupport>
				<StdSizeSupport>1</StdSizeSupport>
				<Duplex>1</Duplex>
				<Staple>0</Staple>
			</Item>
			<Item name="Casette 3">
				<StringID>323</StringID>
				<ValueID>2</ValueID>
				<MediaSize>0x003FFD6F</MediaSize>
				<MediaType>0x03FFBFF7</MediaType>
				<MediaFeed>0</MediaFeed>
				<CustomPaper>1</CustomPaper>
				<CustomEnvelope>0</CustomEnvelope>
				<MaxPageSize>216, 356</MaxPageSize>
				<MinPageSize>92, 162</MinPageSize>
				<EnvSizeSupport>0</EnvSizeSupport>
				<StdSizeSupport>1</StdSizeSupport>
				<Duplex>1</Duplex>
				<Staple>0</Staple>
			</Item>
			<Item name="Casette 4">
				<StringID>324</StringID>
				<ValueID>257</ValueID>
				<MediaSize>0x003FFD6F</MediaSize>
				<MediaType>0x03FFBFF7</MediaType>
				<MediaFeed>0</MediaFeed>
				<CustomPaper>1</CustomPaper>
				<CustomEnvelope>0</CustomEnvelope>
				<MaxPageSize>216, 356</MaxPageSize>
				<MinPageSize>92, 162</MinPageSize>
				<EnvSizeSupport>0</EnvSizeSupport>
				<StdSizeSupport>1</StdSizeSupport>
				<Duplex>1</Duplex>
				<Staple>0</Staple>
			</Item>
			<Item name="MP Tray">
				<StringID>338</StringID>
				<ValueID>4</ValueID>
				<MediaSize>0x003FFFFF</MediaSize>
				<MediaType>0x03FFFFFF</MediaType>
				<MediaFeed>0</MediaFeed>
				<CustomPaper>1</CustomPaper>
				<CustomEnvelope>1</CustomEnvelope>
				<MaxPageSize>216, 356</MaxPageSize>
				<MinPageSize>70, 148</MinPageSize>
				<EnvSizeSupport>1</EnvSizeSupport>
				<StdSizeSupport>1</StdSizeSupport>
				<Duplex>1</Duplex>
				<Staple>0</Staple>
			</Item>
		</Paper_Source>
		<Standard_Feeder>
			<type>500 sheets x 1Cassette</type>
			<type>MP Tray</type>
		</Standard_Feeder>
		<Optional_Paper_Feeder>
			<type>PF-5100</type>
		</Optional_Paper_Feeder>
		<Duplex_Unit>Standard</Duplex_Unit>
		<Output_Device/>
		<Output>
		    <Item name="Printer Default">
				<StringID>210</StringID>
				<ValueID>0</ValueID>
				<Direction>0</Direction>
				<Finisher>0</Finisher>
				<Mailbox>0</Mailbox>
				<Sorter>0</Sorter>
			</Item>
		</Output>
		<Custom_Media_Type>
			<type>Yes</type>
		</Custom_Media_Type>
		<Booklet>
			<type>Left Bind</type>
			<type>Right Bind</type>
		</Booklet>
		<Feeding_Edge>No</Feeding_Edge>
		<Gutter_Settings>Yes</Gutter_Settings>
		<Staple/>
		<Staple_Count>No</Staple_Count>
		<Max_Staple_Count/>
		<Max_Sheet_Booklet/>
		<Rotate_Collate_f_or_w>No</Rotate_Collate_f_or_w>
		<Punch/>
		<Fold/>
		<Max_Sheet_Fold/>
		<KIR>
			<type>ON</type>
			<type>OFF</type>
		</KIR>
		<Eco_Print>
			<type>ON</type>
			<type>OFF</type>
		</Eco_Print>
		<Resolution_or_Print_Quality>
			<Item name="1200 dpi">
				<StringID>36</StringID>
				<ValueID>3</ValueID>
				<Resolution>1200, 1200</Resolution>
				<ColorFormat>1</ColorFormat>
				<DitherCOThresh>1</DitherCOThresh>
				<DitherDOThresh>3</DitherDOThresh>
				<DitherCOTransfer>4</DitherCOTransfer>
				<DitherDOTransfer>4</DitherDOTransfer>
				<ErrorDiffTransfer>6</ErrorDiffTransfer>
			</Item>
			<Item name="600 dpi*">
				<StringID>32</StringID>
				<ValueID>1</ValueID>
				<Resolution>600, 600</Resolution>
				<ColorFormat>1</ColorFormat>
				<DitherCOThresh>1</DitherCOThresh>
				<DitherDOThresh>3</DitherDOThresh>
				<DitherCOTransfer>4</DitherCOTransfer>
				<DitherDOTransfer>4</DitherDOTransfer>
				<ErrorDiffTransfer>6</ErrorDiffTransfer>
			</Item>
		</Resolution_or_Print_Quality>
		<Default_Resolution_or_Print_Quality_for_each_PDL>
			<type>PCL XL/KPDL/XPS: High(1200 dpi) ,Proof(Default)(600 dpi) ,Draft(600 dpi) ,Custom(600 dpi)</type>
			<type>PCL 5c: High(Default)(600 dpi) ,Draft(600 dpi) ,Custom(600 dpi)</type>
		</Default_Resolution_or_Print_Quality_for_each_PDL>
		<Cie_Optimization>
			<type>Off</type>
			<type>On*</type>
		</Cie_Optimization>
		<CMYK_Processing_or_Color_Conversion>
			<type>Printer settings*</type>
			<type>Speed Priority</type>
			<type>Quality Priority</type>
		</CMYK_Processing_or_Color_Conversion>
		<Color_mode>
			<type>Color*</type>
			<type>Monochrome</type>
		</Color_mode>
		<Printer_profile_Color_Reproduction_Mode>
			<type>Printer settings*</type>
			<type>Text and Graphics</type>
			<type>Text and Photos</type>
			<type>Vivid colors</type>
			<type>Publications</type>
			<type>Line art</type>
			<type>Custom Table</type>
			<type>China Red</type>
		</Printer_profile_Color_Reproduction_Mode>
		<Color_Adjustment>
			<type>None*</type>
			<type>Custom 1-3</type>
		</Color_Adjustment>
		<Print_text_as_black>
			<type>Off*</type>
			<type>On</type>
		</Print_text_as_black>
		<Print_graphic_as_black>
			<type>Off*</type>
			<type>On</type>
		</Print_graphic_as_black>
		<Print_grays_with_black_toner>
			<type>Yes</type>
		</Print_grays_with_black_toner>
		<Continuous_tone/>
		<Gloss_Mode>
			<type>Off*</type>
			<type>On</type>
		</Gloss_Mode>
		<Trapping>
			<type>Off</type>
			<type>Light</type>
			<type>Medium*</type>
			<type>Heavy</type>
			<type>Very heavy</type>
		</Trapping>
		<Screen_Settings_New_Halftone>
			<type>Normal*</type>
			<type>Gradation priority</type>
			<type>Resolution priority</type>
			<type>High definition</type>
		</Screen_Settings_New_Halftone>
		<Overprint/>
		<Cover_Mode>Yes</Cover_Mode>
		<Page_Insert>Yes</Page_Insert>
		<Index_tab_dividers/>
		<Chapter_page_insert>Yes</Chapter_page_insert>
		<Advanced_Media>Yes</Advanced_Media>
		<Job_Retention_via_RAM_DISK>Yes</Job_Retention_via_RAM_DISK>
		<MPS_eMPS>
			<type>Job Cache</type>
			<type>Custom Box</type>
			<type>Job Retention</type>
		</MPS_eMPS>
		<Job_Storage/>
		<Job_Storage_AlphaNumeric>Yes</Job_Storage_AlphaNumeric>
		<Memory>
			<type>1024 MB</type>
			<type>1536 MB</type>
			<type>2048 MB</type>
			<type>3072 MB</type>
		</Memory>
		<Device_Options>
			<Item name="Paper Feeder(Cassette 1)">
				<StringID>1031</StringID>
				<Description>1</Description>
				<Confliction>0x000000</Confliction>
				<Requirement>0x000000</Requirement>
				<Path>1</Path>
				<DeviceAttr>1</DeviceAttr>
			</Item>
			<Item name="Paper Feeder(Cassette 2)">
				<StringID>1032</StringID>
				<Description>1</Description>
				<Confliction>0x000000</Confliction>
				<Requirement>0x000001</Requirement>
				<Path>1</Path>
				<DeviceAttr>1</DeviceAttr>
			</Item>
			<Item name="Paper Feeder(Cassette 3)">
				<StringID>1033</StringID>
				<Description>1</Description>
				<Confliction>0x000000</Confliction>
				<Requirement>0x000003</Requirement>
				<Path>1</Path>
				<DeviceAttr>1</DeviceAttr>
			</Item>
			<Item name="Paper Feeder(Cassette 4)">
				<StringID>1034</StringID>
				<Description>1</Description>
				<Confliction>0x000000</Confliction>
				<Requirement>0x000007</Requirement>
				<Path>1</Path>
				<DeviceAttr>1</DeviceAttr>
			</Item>
			<Item name="SSD">
				<StringID>6813</StringID>
				<Description>3</Description>
				<Confliction>0x000040</Confliction>
				<Requirement>0x000000</Requirement>
				<Path>3</Path>
				<DeviceAttr>0</DeviceAttr>
			</Item>
			<Item name="SD Card">
				<StringID>6814</StringID>
				<Description>43</Description>
				<Confliction>0x000000</Confliction>
				<Requirement>0x000000</Requirement>
				<Path>3</Path>
				<DeviceAttr>0</DeviceAttr>
			</Item>
			<Item name="RAM Disk">
				<StringID>1024</StringID>
				<Description>4</Description>
				<Confliction>0x000010</Confliction>
				<Requirement>0x000000</Requirement>
				<Path>3</Path>
				<DeviceAttr>0</DeviceAttr>
			</Item>
		</Device_Options>
		<HDD>Yes</HDD>
		<Microdrive>No</Microdrive>
		<RAM_Disk>Yes</RAM_Disk>
		<Default_RAM_Disk_Setting>RAM Disk On</Default_RAM_Disk_Setting>
		<RAM_Default_Size>64</RAM_Default_Size>
		<Max._Job_Account_Management_code_support>
			<type>Yes(1 - 8 digit)</type>
			<type>max 100 codes</type>
		</Max._Job_Account_Management_code_support>
		<RAM_Disk_Size_Deducted>
			<type>64 MB</type>
			<type>176 MB</type>
			<type>304 MB</type>
			<type>560 MB</type>
		</RAM_Disk_Size_Deducted>
		<User_Login>
			<type>Yes</type>
			<type>Login name: 1 - 64 character</type>
			<type>  Password: 0 - 64 character</type>
			<type>   max. 100 accounts(Multi Domain: 321 character)</type>
		</User_Login>
		<Print_Speed>35ppm</Print_Speed>
		<Output_to_PDF>Yes(v1.7)</Output_to_PDF>
		<Security_Watermark_Security_Package>Yes</Security_Watermark_Security_Package>
		<Driver_Priority_Mode>Yes</Driver_Priority_Mode>
		<Spool_and_Print/>
		<ThreeD-Data>KDS334010.DAT</ThreeD-Data>
		<XL_Font_Download_Class>Class1</XL_Font_Download_Class>
		<Driver_Fonts>KmAgfa1.fdf</Driver_Fonts>
		<KXLITE/>
		<Custom_Paper_Size_Support>Yes</Custom_Paper_Size_Support>
		<Max_Paper_Size>216.0 x 356.0 mm</Max_Paper_Size>
		<Min_Paper_Size>70.0 x 148.0 mm</Min_Paper_Size>
		<Banner_Print_Support>No</Banner_Print_Support>
		<Duplex_allowed_from_MP_Tray_or_Bypass>Yes
140x210mm-
216x356mm</Duplex_allowed_from_MP_Tray_or_Bypass>
		<TrayA_to_Mailbox/>
		<JPUserLogin>64</JPUserLogin>
		<Color_Synk>1</Color_Synk>
		<Color_Type_ThreeD>1</Color_Type_ThreeD>
		<Color_UI_Type>5</Color_UI_Type>
		<CompatiblePrintArea>No</CompatiblePrintArea>
		<Custom_Dev_Option>65</Custom_Dev_Option>
		<Custom_PCL5e>1</Custom_PCL5e>
		<Default_BPP>8</Default_BPP>
		<Default_PDL>1</Default_PDL>
		<Default_PDL_ID>0</Default_PDL_ID>
		<DefSharedBoxOn>0</DefSharedBoxOn>
		<DisableAdaptiveCompression>0</DisableAdaptiveCompression>
		<DisableReverseOrder>Yes</DisableReverseOrder>
		<DisableReverseOrderFD>No</DisableReverseOrderFD>
		<DuplexCompatible>0</DuplexCompatible>
		<DuplexIsCass1>0</DuplexIsCass1>
		<EMFcheckBox>Yes</EMFcheckBox>
		<EnableGDIPCL5e>No</EnableGDIPCL5e>
		<EngineCollate>Yes</EngineCollate>
		<FrontPanelSupport>No</FrontPanelSupport>
		<HBPS1bpp>0</HBPS1bpp>
		<HBPSModel>0</HBPSModel>
		<HideNativeDownload>0</HideNativeDownload>
		<JobOffsetSupport>No</JobOffsetSupport>
		<KMStapleType/>
		<SupportImageCompMode>Yes</SupportImageCompMode>
		<KPDLBinaryFWSupport>Yes</KPDLBinaryFWSupport>
		<KPDLNewVMB>Yes</KPDLNewVMB>
		<LongEdgeFeedSupport>0</LongEdgeFeedSupport>
		<Max_Copy>999</Max_Copy>
		<MinRAMMemory>1024</MinRAMMemory>
		<Model_Generation>1</Model_Generation>
		<NewResolutionGroupID>5</NewResolutionGroupID>
		<OEM_ID>0</OEM_ID>
		<Print_Completed_Email>Yes</Print_Completed_Email>
		<Print_Completed_STM>No</Print_Completed_STM>
		<PrintSuspendEmail>Yes</PrintSuspendEmail>
		<PrintBoxNum>0</PrintBoxNum>
		<ReverseBooklet>No</ReverseBooklet>
		<Select_ThreeD_Color>1</Select_ThreeD_Color>
		<SUltraFineSupport>0</SUltraFineSupport>
		<Support2byteWP>No</Support2byteWP>
		<SupportDP>1</SupportDP>
		<SupportFullBleed>No</SupportFullBleed>
		<SupportHalfSpeedMode>No</SupportHalfSpeedMode>
		<SilentMode>Yes</SilentMode>
		<SupportJobLog>Yes</SupportJobLog>
		<SupportKACT>Yes</SupportKACT>
		<SupportKACT2>Yes</SupportKACT2>
		<SupportNUPCount>Yes</SupportNUPCount>
		<SupportOutputManagement>1</SupportOutputManagement>
		<SupportSNMPSet>Yes</SupportSNMPSet>
		<SupportStatusMonitor>Yes(v5)</SupportStatusMonitor>
		<Support_ThinLine_Device>0</Support_ThinLine_Device>
		<SWMKBaseDensity>5</SWMKBaseDensity>
		<SWMKShadingMethod>No</SWMKShadingMethod>
		<SWMKTextContrast>3</SWMKTextContrast>
		<DefaultOverprintSW>1</DefaultOverprintSW>
		<Time_Out_STM>0</Time_Out_STM>
		<UnicodeOutput>Yes</UnicodeOutput>
		<LimitRC>0</LimitRC>
		<EnableRCSizeLower>0</EnableRCSizeLower>
		<EnableRCSizeUpper>0</EnableRCSizeUpper>
		<Select_ThreeD_Color>1</Select_ThreeD_Color>
		<RotateCollate_Paper_Size/>
		<Input_Entry_Code>
			<Item name="0">
				<Choice>0</Choice>
				<MediaSource>0x000021</MediaSource>
			</Item>
			<Item name="1">
				<Choice>1</Choice>
				<MediaSource>0x000023</MediaSource>
			</Item>
			<Item name="2">
				<Choice>2</Choice>
				<MediaSource>0x000025</MediaSource>
			</Item>
			<Item name="3">
				<Choice>3</Choice>
				<MediaSource>0x000027</MediaSource>
			</Item>
			<Item name="4">
				<Choice>4</Choice>
				<MediaSource>0x000029</MediaSource>
			</Item>
			<Item name="5">
				<Choice>5</Choice>
				<MediaSource>0x00002B</MediaSource>
			</Item>
			<Item name="6">
				<Choice>6</Choice>
				<MediaSource>0x00002D</MediaSource>
			</Item>
			<Item name="7">
				<Choice>7</Choice>
				<MediaSource>0x00002F</MediaSource>
			</Item>
			<Item name="8">
				<Choice>8</Choice>
				<MediaSource>0x000031</MediaSource>
			</Item>
			<Item name="9">
				<Choice>9</Choice>
				<MediaSource>0x000033</MediaSource>
			</Item>
			<Item name="10">
				<Choice>10</Choice>
				<MediaSource>0x000035</MediaSource>
			</Item>
			<Item name="11">
				<Choice>11</Choice>
				<MediaSource>0x000037</MediaSource>
			</Item>
			<Item name="12">
				<Choice>12</Choice>
				<MediaSource>0x000039</MediaSource>
			</Item>
			<Item name="13">
				<Choice>13</Choice>
				<MediaSource>0x00003B</MediaSource>
			</Item>
			<Item name="14">
				<Choice>14</Choice>
				<MediaSource>0x00003D</MediaSource>
			</Item>
			<Item name="15">
				<Choice>15</Choice>
				<MediaSource>0x00003F</MediaSource>
			</Item>
		</Input_Entry_Code>
		<Output_Entry_Code>
			<Item name="0">
				<Choice>0</Choice>
				<OutputBin>0x000003</OutputBin>
			</Item>
		</Output_Entry_Code>
		<Mail_Box>
			<Item name="1">
				<StringID>217</StringID>
				<ValueID>7</ValueID>
			</Item>
			<Item name="2">
				<StringID>218</StringID>
				<ValueID>8</ValueID>
			</Item>
			<Item name="3">
				<StringID>219</StringID>
				<ValueID>9</ValueID>
			</Item>
			<Item name="4">
				<StringID>220</StringID>
				<ValueID>10</ValueID>
			</Item>
			<Item name="5">
				<StringID>221</StringID>
				<ValueID>11</ValueID>
			</Item>
			<Item name="6">
				<StringID>222</StringID>
				<ValueID>12</ValueID>
			</Item>
			<Item name="7">
				<StringID>223</StringID>
				<ValueID>13</ValueID>
			</Item>
			<Item name="8">
				<StringID>224</StringID>
				<ValueID>14</ValueID>
			</Item>
			<Item name="9">
				<StringID>225</StringID>
				<ValueID>15</ValueID>
			</Item>
			<Item name="10">
				<StringID>226</StringID>
				<ValueID>16</ValueID>
			</Item>
			<Item name="11">
				<StringID>227</StringID>
				<ValueID>17</ValueID>
			</Item>
			<Item name="12">
				<StringID>228</StringID>
				<ValueID>18</ValueID>
			</Item>
			<Item name="13">
				<StringID>229</StringID>
				<ValueID>19</ValueID>
			</Item>
			<Item name="14">
				<StringID>230</StringID>
				<ValueID>20</ValueID>
			</Item>
			<Item name="15">
				<StringID>231</StringID>
				<ValueID>21</ValueID>
			</Item>
		</Mail_Box>
		<Finisher>
			<Item name="0">
				<Staple>0</Staple>
				<Collate>0</Collate>
				<Sort>0</Sort>
				<Punch>0</Punch>
				<BookletStitch>0</BookletStitch>
				<Direction>0</Direction>
				<MediaSize_FD>0</MediaSize_FD>
				<MediaSize_FU>0</MediaSize_FU>
				<Offset>0</Offset>
				<BulkMailbox>0</BulkMailbox>
				<StapleCount>0</StapleCount>
				<MaxStapleA>0</MaxStapleA>
				<MaxStapleB>0</MaxStapleB>
			</Item>
		</Finisher>
		<Binary_Table>
			<Item name="1">
				<ByteSize>1</ByteSize>
				<SizeXY>9, 9</SizeXY>
				<UsedEntries>0</UsedEntries>
				<Row0>0x02, 0x3c, 0x10, 0x38, 0x03, 0x39, 0x0d, 0x35, 0x02</Row0>
				<Row1>0x22, 0x12, 0x30, 0x20, 0x23, 0x13, 0x2d, 0x1d, 0x22</Row1>
				<Row2>0x0a, 0x32, 0x06, 0x40, 0x0b, 0x33, 0x07, 0x3d, 0x0a</Row2>
				<Row3>0x2a, 0x1a, 0x26, 0x16, 0x2b, 0x1b, 0x27, 0x17, 0x2a</Row3>
				<Row4>0x04, 0x3a, 0x0e, 0x36, 0x01, 0x3b, 0x0f, 0x37, 0x04</Row4>
				<Row5>0x24, 0x14, 0x2e, 0x1e, 0x21, 0x11, 0x2f, 0x1f, 0x24</Row5>
				<Row6>0x0c, 0x34, 0x08, 0x3e, 0x09, 0x31, 0x05, 0x3f, 0x0c</Row6>
				<Row7>0x2c, 0x1c, 0x28, 0x18, 0x29, 0x19, 0x25, 0x15, 0x2c</Row7>
				<Row8>0x02, 0x3c, 0x10, 0x38, 0x03, 0x39, 0x0d, 0x35, 0x02</Row8>
				<Row9>0</Row9>
				<Row10>0</Row10>
				<Row11>0</Row11>
				<Row12>0</Row12>
				<Row13>0</Row13>
				<Row14>0</Row14>
				<Row15>0</Row15>
			</Item>
			<Item name="2">
				<ByteSize>1</ByteSize>
				<SizeXY>16, 16</SizeXY>
				<UsedEntries>0</UsedEntries>
				<Row0>0x91, 0xb9, 0xb1, 0x89, 0x6b, 0x43, 0x4b, 0x73, 0x93, 0xbb, 0xb3, 0x8b, 0x69, 0x41, 0x49, 0x71</Row0>
				<Row1>0xc1, 0xf1, 0xe9, 0xa1, 0x3b, 0x0b, 0x13, 0x5b, 0xc3, 0xf3, 0xeb, 0xa3, 0x39, 0x09, 0x11, 0x59</Row1>
				<Row2>0xc9, 0xf9, 0xe1, 0xa9, 0x33, 0x03, 0x1b, 0x53, 0xcb, 0xfb, 0xe3, 0xab, 0x31, 0x01, 0x19, 0x51</Row2>
				<Row3>0x99, 0xd9, 0xd1, 0x81, 0x63, 0x23, 0x2b, 0x7b, 0x9b, 0xdb, 0xd3, 0x83, 0x61, 0x21, 0x29, 0x79</Row3>
				<Row4>0x6c, 0x44, 0x4c, 0x74, 0x94, 0xbc, 0xb4, 0x8c, 0x6e, 0x46, 0x4e, 0x76, 0x96, 0xbe, 0xb6, 0x8e</Row4>
				<Row5>0x3c, 0x0c, 0x14, 0x5c, 0xc4, 0xf4, 0xec, 0xa4, 0x3e, 0x0e, 0x16, 0x5e, 0xc6, 0xf6, 0xee, 0xa6</Row5>
				<Row6>0x34, 0x04, 0x1c, 0x54, 0xcc, 0xfc, 0xe4, 0xac, 0x36, 0x06, 0x1e, 0x56, 0xce, 0xfe, 0xe6, 0xae</Row6>
				<Row7>0x64, 0x24, 0x2c, 0x7c, 0x9c, 0xdc, 0xd4, 0x84, 0x66, 0x26, 0x2e, 0x7e, 0x9e, 0xde, 0xd6, 0x86</Row7>
				<Row8>0x92, 0xba, 0xb2, 0x8a, 0x68, 0x40, 0x48, 0x70, 0x90, 0xb8, 0xb0, 0x88, 0x6a, 0x42, 0x4a, 0x72</Row8>
				<Row9>0xc2, 0xf2, 0xea, 0xa2, 0x38, 0x08, 0x10, 0x58, 0xc0, 0xf0, 0xe8, 0xa0, 0x3a, 0x0a, 0x12, 0x5a</Row9>
				<Row10>0xca, 0xfa, 0xe2, 0xaa, 0x30, 0x00, 0x18, 0x50, 0xc8, 0xf8, 0xe0, 0xa8, 0x32, 0x02, 0x1a, 0x52</Row10>
				<Row11>0x9a, 0xda, 0xd2, 0x82, 0x60, 0x20, 0x28, 0x78, 0x98, 0xd8, 0xd0, 0x80, 0x62, 0x22, 0x2a, 0x7a</Row11>
				<Row12>0x6f, 0x47, 0x4f, 0x77, 0x97, 0xbf, 0xb7, 0x8f, 0x6d, 0x45, 0x4d, 0x75, 0x95, 0xbd, 0xb5, 0x8d</Row12>
				<Row13>0x3f, 0x0f, 0x17, 0x5f, 0xc7, 0xf7, 0xef, 0xa7, 0x3d, 0x0d, 0x15, 0x5d, 0xc5, 0xf5, 0xed, 0xa5</Row13>
				<Row14>0x37, 0x07, 0x1f, 0x57, 0xcf, 0xfe, 0xe7, 0xaf, 0x35, 0x05, 0x1d, 0x55, 0xcd, 0xfd, 0xe5, 0xad</Row14>
				<Row15>0x67, 0x27, 0x2f, 0x7f, 0x9f, 0xdf, 0xd7, 0x87, 0x65, 0x25, 0x2d, 0x7d, 0x9d, 0xdd, 0xd5, 0x85</Row15>
			</Item>
			<Item name="3">
				<ByteSize>1</ByteSize>
				<SizeXY>8, 8</SizeXY>
				<UsedEntries>0</UsedEntries>
				<Row0>0x02, 0x3c, 0x10, 0x38, 0x03, 0x39, 0x0d, 0x35</Row0>
				<Row1>0x22, 0x12, 0x30, 0x20, 0x23, 0x13, 0x2d, 0x1d</Row1>
				<Row2>0x0a, 0x32, 0x06, 0x40, 0x0b, 0x33, 0x07, 0x3d</Row2>
				<Row3>0x2a, 0x1a, 0x26, 0x16, 0x2b, 0x1b, 0x27, 0x17</Row3>
				<Row4>0x04, 0x3a, 0x0e, 0x36, 0x01, 0x3b, 0x0f, 0x37</Row4>
				<Row5>0x24, 0x14, 0x2e, 0x1e, 0x21, 0x11, 0x2f, 0x1f</Row5>
				<Row6>0x0c, 0x34, 0x08, 0x3e, 0x09, 0x31, 0x05, 0x3f</Row6>
				<Row7>0x2c, 0x1c, 0x28, 0x18, 0x29, 0x19, 0x25, 0x15</Row7>
				<Row8>0</Row8>
				<Row9>0</Row9>
				<Row10>0</Row10>
				<Row11>0</Row11>
				<Row12>0</Row12>
				<Row13>0</Row13>
				<Row14>0</Row14>
				<Row15>0</Row15>
			</Item>
			<Item name="4">
				<ByteSize>1</ByteSize>
				<SizeXY>16, 16</SizeXY>
				<UsedEntries>0</UsedEntries>
				<Row0>2, 236,  60, 220,  16, 232,  56, 216,   3, 233,  57, 217,  13, 229,  53, 213,</Row0>
				<Row1>130,  66, 188, 124, 144,  80, 184, 120, 131,  67, 185, 121, 141,  77, 181, 117,</Row1>
				<Row2>34, 194,  18, 252,  48, 208,  32, 248,  35, 195,  19, 249,  45, 205,  29, 245,</Row2>
				<Row3>162,  98, 146,  82, 176, 112, 160,  96, 163,  99, 147,  83, 173, 109, 157,  93,</Row3>
				<Row4>10, 226,  50, 210,   6, 240,  64, 224,  11, 227,  51, 211,   7, 237,  61, 221,</Row4>
				<Row5>138,  74, 178, 114, 134,  70, 192, 128, 139,  75, 179, 115, 135,  71, 189, 125,</Row5>
				<Row6>42, 202,  26, 242,  38, 198,  22, 256,  43, 203,  27, 243,  39, 199,  23, 253,</Row6>
				<Row7>170, 106, 154,  90, 166, 102, 150,  86, 171, 107, 155,  91, 167, 103, 151,  87,</Row7>
				<Row8>4, 234,  58, 218,  14, 230,  54, 214,   1, 235,  59, 219,  15, 231,  55, 215,</Row8>
				<Row9>132,  68, 186, 122, 142,  78, 182, 118, 129,  65, 187, 123, 143,  79, 183, 119,</Row9>
				<Row10>36, 196,  20, 250,  46, 206,  30, 246,  33, 193,  17, 251,  47, 207,  31, 247,</Row10>
				<Row11>164, 100, 148,  84, 174, 110, 158,  94, 161,  97, 145,  81, 175, 111, 159,  95,</Row11>
				<Row12>12, 228,  52, 212,   8, 238,  62, 222,   9, 225,  49, 209,   5, 239,  63, 223,</Row12>
				<Row13>140,  76, 180, 116, 136,  72, 190, 126, 137,  73, 177, 113, 133,  69, 191, 127,</Row13>
				<Row14>44, 204,  28, 244,  40, 200,  24, 254,  41, 201,  25, 241,  37, 197,  21, 255,</Row14>
				<Row15>172, 108, 156,  92, 168, 104, 152,  88, 169, 105, 153,  89, 165, 101, 149,  85,</Row15>
			</Item>
			<Item name="5">
				<ByteSize>1</ByteSize>
				<SizeXY>16, 16</SizeXY>
				<UsedEntries>0</UsedEntries>
				<Row0>0x00, 0x04, 0x07, 0x0a, 0x0c, 0x0e, 0x0f, 0x10, 0x12, 0x13, 0x14, 0x15, 0x16, 0x18, 0x19, 0x1a</Row0>
				<Row1>0x1b, 0x1c, 0x1e, 0x1f, 0x20, 0x21, 0x22, 0x24, 0x25, 0x26, 0x27, 0x28, 0x2a, 0x2b, 0x2c, 0x2d</Row1>
				<Row2>0x2e, 0x2f, 0x30, 0x32, 0x33, 0x34, 0x35, 0x36, 0x37, 0x38, 0x3a, 0x3b, 0x3c, 0x3e, 0x3f, 0x40</Row2>
				<Row3>0x41, 0x43, 0x44, 0x46, 0x47, 0x49, 0x4b, 0x4c, 0x4e, 0x50, 0x52, 0x54, 0x56, 0x58, 0x5a, 0x5b</Row3>
				<Row4>0x5d, 0x5f, 0x61, 0x63, 0x64, 0x66, 0x68, 0x6a, 0x6b, 0x6d, 0x6e, 0x70, 0x72, 0x73, 0x75, 0x76</Row4>
				<Row5>0x78, 0x7a, 0x7c, 0x7d, 0x7f, 0x80, 0x82, 0x83, 0x85, 0x86, 0x88, 0x89, 0x8b, 0x8c, 0x8d, 0x8e</Row5>
				<Row6>0x8f, 0x90, 0x91, 0x92, 0x93, 0x94, 0x95, 0x96, 0x97, 0x98, 0x99, 0x9a, 0x9b, 0x9c, 0x9d, 0x9e</Row6>
				<Row7>0x9f, 0xa0, 0xa1, 0xa2, 0xa3, 0xa4, 0xa5, 0xa6, 0xa7, 0xa8, 0xa9, 0xaa, 0xab, 0xac, 0xad, 0xae</Row7>
				<Row8>0xb0, 0xb1, 0xb2, 0xb3, 0xb4, 0xb5, 0xb6, 0xb7, 0xb8, 0xb9, 0xba, 0xbb, 0xbc, 0xbd, 0xbe, 0xbf</Row8>
				<Row9>0xc0, 0xc1, 0xc2, 0xc3, 0xc4, 0xc5, 0xc6, 0xc7, 0xc8, 0xc9, 0xca, 0xcb, 0xcc, 0xcd, 0xce, 0xcf</Row9>
				<Row10>0xd0, 0xd1, 0xd1, 0xd2, 0xd2, 0xd3, 0xd4, 0xd4, 0xd5, 0xd5, 0xd6, 0xd7, 0xd8, 0xd8, 0xd9, 0xda</Row10>
				<Row11>0xdb, 0xdc, 0xdc, 0xdd, 0xde, 0xdf, 0xdf, 0xe0, 0xe0, 0xe1, 0xe2, 0xe2, 0xe3, 0xe3, 0xe4, 0xe4</Row11>
				<Row12>0xe5, 0xe6, 0xe6, 0xe7, 0xe8, 0xe8, 0xe9, 0xe9, 0xea, 0xea, 0xea, 0xea, 0xeb, 0xeb, 0xeb, 0xec</Row12>
				<Row13>0xec, 0xed, 0xed, 0xee, 0xee, 0xef, 0xef, 0xef, 0xef, 0xf1, 0xf1, 0xf1, 0xf1, 0xf2, 0xf2, 0xf2</Row13>
				<Row14>0xf3, 0xf3, 0xf3, 0xf4, 0xf4, 0xf5, 0xf5, 0xf5, 0xf6, 0xf6, 0xf6, 0xf7, 0xf7, 0xf7, 0xf7, 0xf9</Row14>
				<Row15>0xf9, 0xf9, 0xf9, 0xf9, 0xfb, 0xfb, 0xfb, 0xfb, 0xfb, 0xfd, 0xfd, 0xfd, 0xfd, 0xfd, 0xfd, 0xff</Row15>
			</Item>
			<Item name="6">
				<ByteSize>1</ByteSize>
				<SizeXY>17, 1</SizeXY>
				<UsedEntries>17</UsedEntries>
				<Row0>0, 35, 55, 72, 86, 100, 114, 128, 142, 156, 170, 184, 198, 212, 226, 240, 255</Row0>
				<Row1>0</Row1>
				<Row2>0</Row2>
				<Row3>0</Row3>
				<Row4>0</Row4>
				<Row5>0</Row5>
				<Row6>0</Row6>
				<Row7>0</Row7>
				<Row8>0</Row8>
				<Row9>0</Row9>
				<Row10>0</Row10>
				<Row11>0</Row11>
				<Row12>0</Row12>
				<Row13>0</Row13>
				<Row14>0</Row14>
				<Row15>0</Row15>
			</Item>
			<Item name="7">
				<ByteSize>1</ByteSize>
				<SizeXY>17, 1</SizeXY>
				<UsedEntries>17</UsedEntries>
				<Row0>0, 70, 108, 135, 152, 168, 180, 190, 197, 203, 207, 211, 217, 224, 232, 242, 255</Row0>
				<Row1>0</Row1>
				<Row2>0</Row2>
				<Row3>0</Row3>
				<Row4>0</Row4>
				<Row5>0</Row5>
				<Row6>0</Row6>
				<Row7>0</Row7>
				<Row8>0</Row8>
				<Row9>0</Row9>
				<Row10>0</Row10>
				<Row11>0</Row11>
				<Row12>0</Row12>
				<Row13>0</Row13>
				<Row14>0</Row14>
				<Row15>0</Row15>
			</Item>
		</Binary_Table>
		<PDL_Command>
			<Item name="0">
				<PdlID>3</PdlID>
				<TypeID>1</TypeID>
				<Command0>14, 0</Command0>
				<Command1>3, 1</Command1>
				<Command2>2, 4</Command2>
				<Command3>257, 5</Command3>
				<Command4>4, 3</Command4>
			</Item>
		</PDL_Command>
		<Color_Adjust_Table>
			<Item name="1">
				<ChromaRed>0.85, 0.92, 80.0</ChromaRed>
				<ChromaGreen>0.89, 0.78, 82.5</ChromaGreen>
				<ChromaBlue>0.89, 0.78, 81.5</ChromaBlue>
				<ChromaCyan>0.94, 0.88, 91.0</ChromaCyan>
				<ChromaMagenta>0.92, 0.86, 90.0</ChromaMagenta>
				<ChromaYellow>0.83, 0.79, 95.0</ChromaYellow>
				<ChromaAlignWhite>0.96, 0.95, 89.5</ChromaAlignWhite>
				<GammaRed>1.6</GammaRed>
				<GammaGreen>1.6</GammaGreen>
				<GammaBlue>1.6</GammaBlue>
				<MagentaInCyan>0.05</MagentaInCyan>
				<YellowInCyan>0.08</YellowInCyan>
				<CyanInMagenta>0.06</CyanInMagenta>
				<YellowInMagenta>0.05</YellowInMagenta>
				<CyanInYellow>0.04</CyanInYellow>
				<MagentaInYellow>0.03</MagentaInYellow>
			</Item>
		</Color_Adjust_Table>
		<BACustomBuild>0</BACustomBuild>
		<CRESOutput>0</CRESOutput>
		<CUST_FRN_MSG>0</CUST_FRN_MSG>
		<Custom_UI>0</Custom_UI>
		<DefEntryCode>0</DefEntryCode>
		<DefMediaSize>0</DefMediaSize>
		<DefMediaSource>0</DefMediaSource>
		<DefMediaType>0</DefMediaType>
		<DefNameID>40002</DefNameID>
		<DefOutputBIN>0</DefOutputBIN>
		<DisableAdvMedia>0</DisableAdvMedia>
		<DisableAdvMediaType>0</DisableAdvMediaType>
		<DisableMediaSource>0</DisableMediaSource>
		<DisableRDYMSG>1</DisableRDYMSG>
		<ExtGroupIDFlag>1</ExtGroupIDFlag>
		<ExtUserLogin>1</ExtUserLogin>
		<FAXCapability>0</FAXCapability>
		<FAXMemStandard>0</FAXMemStandard>
		<GrayOutMemory>0</GrayOutMemory>
		<HBPS1bpp>0</HBPS1bpp>
		<HBPSModel>0</HBPSModel>
		<HelpSupport>1</HelpSupport>
		<HideGDIMode>0</HideGDIMode>
		<HidePanel40>0</HidePanel40>
		<HidePDLDisplay>0</HidePDLDisplay>
		<HidePoster>0</HidePoster>
		<HideProEpi>0</HideProEpi>
		<HidePublishing>0</HidePublishing>
		<IDTrkShowEmbedCount>0</IDTrkShowEmbedCount>
		<IDTrkThresholdVal>0</IDTrkThresholdVal>
		<Interstage>0</Interstage>
		<JobNameSize>0</JobNameSize>
		<KM4530DeviceConstraint>0</KM4530DeviceConstraint>
		<LongEdgeFeedSupport>0</LongEdgeFeedSupport>
		<MonochromeOnly>0</MonochromeOnly>
		<NewDeviceSettingsUI>1</NewDeviceSettingsUI>
		<New_EcoPrint>0</New_EcoPrint>
		<New_PDLPrintArea>1</New_PDLPrintArea>
		<New_XLCommand>1</New_XLCommand>
		<NoKPDLCmd>0</NoKPDLCmd>
		<OutputAPICmd>0</OutputAPICmd>
		<PaperSizeInfo>0</PaperSizeInfo>
		<PCLEcoPrint>0</PCLEcoPrint>
		<PCLXLDuplexIssue>1</PCLXLDuplexIssue>
		<PGdefault3530>0</PGdefault3530>
		<PGdefault4530>0</PGdefault4530>
		<PJLTIMEOUTSupport>0</PJLTIMEOUTSupport>
		<PrintBoxNum>0</PrintBoxNum>
		<RC4_Security>0</RC4_Security>
		<RefResolution>600, 600</RefResolution>
		<RemovePrescribe>0</RemovePrescribe>
		<SkipBlankPage>0</SkipBlankPage>
		<SpoolerVerMajor>0</SpoolerVerMajor>
		<SpoolerVerMinor>0</SpoolerVerMinor>
		<SUltraFineSupport>0</SUltraFineSupport>
		<SupportOutputManagement>1</SupportOutputManagement>
		<SWMKBaseDensityCyan>0</SWMKBaseDensityCyan>
		<SWMKBaseDensityMagenta>0</SWMKBaseDensityMagenta>
		<SysJapanese>0</SysJapanese>
		<UncheckAppIgnore>0</UncheckAppIgnore>
		<UncheckCollate>0</UncheckCollate>
		<EnergyStarV3>2</EnergyStarV3>
	</model>
</models>
